Question,Answer,Intent
What is crop yield?,"Crop yield is the amount of usable crop harvested from a given area of land, commonly expressed as tons per hectare. It is influenced by crop variety, soil conditions, water availability, temperature, nutrients, weather, pests, diseases, and farm management.",crop_yield_definition
Define crop yield.,"Crop yield is the amount of usable crop harvested from a given area of land, commonly expressed as tons per hectare. It is influenced by crop variety, soil conditions, water availability, temperature, nutrients, weather, pests, diseases, and farm management.",crop_yield_definition
Explain crop yield.,"Crop yield is the amount of usable crop harvested from a given area of land, commonly expressed as tons per hectare. It is influenced by crop variety, soil conditions, water availability, temperature, nutrients, weather, pests, diseases, and farm management.",crop_yield_definition
What does crop yield mean?,"Crop yield is the amount of usable crop harvested from a given area of land, commonly expressed as tons per hectare. It is influenced by crop variety, soil conditions, water availability, temperature, nutrients, weather, pests, diseases, and farm management.",crop_yield_definition
How is crop yield defined?,"Crop yield is the amount of usable crop harvested from a given area of land, commonly expressed as tons per hectare. It is influenced by crop variety, soil conditions, water availability, temperature, nutrients, weather, pests, diseases, and farm management.",crop_yield_definition
Tell me about crop yield.,"Crop yield is the amount of usable crop harvested from a given area of land, commonly expressed as tons per hectare. It is influenced by crop variety, soil conditions, water availability, temperature, nutrients, weather, pests, diseases, and farm management.",crop_yield_definition
What do farmers mean by yield?,"Crop yield is the amount of usable crop harvested from a given area of land, commonly expressed as tons per hectare. It is influenced by crop variety, soil conditions, water availability, temperature, nutrients, weather, pests, diseases, and farm management.",crop_yield_definition
What is agricultural yield?,"Crop yield is the amount of usable crop harvested from a given area of land, commonly expressed as tons per hectare. It is influenced by crop variety, soil conditions, water availability, temperature, nutrients, weather, pests, diseases, and farm management.",crop_yield_definition
What does yield mean in farming?,"Crop yield is the amount of usable crop harvested from a given area of land, commonly expressed as tons per hectare. It is influenced by crop variety, soil conditions, water availability, temperature, nutrients, weather, pests, diseases, and farm management.",crop_yield_definition
Can you explain crop yield?,"Crop yield is the amount of usable crop harvested from a given area of land, commonly expressed as tons per hectare. It is influenced by crop variety, soil conditions, water availability, temperature, nutrients, weather, pests, diseases, and farm management.",crop_yield_definition
What factors affect crop yield?,"Crop yield depends on several interacting factors: crop type and genetics, soil fertility and structure, rainfall and irrigation, temperature, sunlight, fertilizer use, planting and harvest timing, pests, diseases, and management practices. Good results usually come from balancing these factors rather than maximizing only one.",crop_yield_factors
What determines crop yield?,"Crop yield depends on several interacting factors: crop type and genetics, soil fertility and structure, rainfall and irrigation, temperature, sunlight, fertilizer use, planting and harvest timing, pests, diseases, and management practices. Good results usually come from balancing these factors rather than maximizing only one.",crop_yield_factors
Why does crop yield change?,"Crop yield depends on several interacting factors: crop type and genetics, soil fertility and structure, rainfall and irrigation, temperature, sunlight, fertilizer use, planting and harvest timing, pests, diseases, and management practices. Good results usually come from balancing these factors rather than maximizing only one.",crop_yield_factors
Which conditions influence crop production?,"Crop yield depends on several interacting factors: crop type and genetics, soil fertility and structure, rainfall and irrigation, temperature, sunlight, fertilizer use, planting and harvest timing, pests, diseases, and management practices. Good results usually come from balancing these factors rather than maximizing only one.",crop_yield_factors
What can increase or decrease crop yield?,"Crop yield depends on several interacting factors: crop type and genetics, soil fertility and structure, rainfall and irrigation, temperature, sunlight, fertilizer use, planting and harvest timing, pests, diseases, and management practices. Good results usually come from balancing these factors rather than maximizing only one.",crop_yield_factors
What controls agricultural productivity?,"Crop yield depends on several interacting factors: crop type and genetics, soil fertility and structure, rainfall and irrigation, temperature, sunlight, fertilizer use, planting and harvest timing, pests, diseases, and management practices. Good results usually come from balancing these factors rather than maximizing only one.",crop_yield_factors
What are the main factors behind crop yield?,"Crop yield depends on several interacting factors: crop type and genetics, soil fertility and structure, rainfall and irrigation, temperature, sunlight, fertilizer use, planting and harvest timing, pests, diseases, and management practices. Good results usually come from balancing these factors rather than maximizing only one.",crop_yield_factors
Why are some crop yields higher than others?,"Crop yield depends on several interacting factors: crop type and genetics, soil fertility and structure, rainfall and irrigation, temperature, sunlight, fertilizer use, planting and harvest timing, pests, diseases, and management practices. Good results usually come from balancing these factors rather than maximizing only one.",crop_yield_factors
Which variables influence yield?,"Crop yield depends on several interacting factors: crop type and genetics, soil fertility and structure, rainfall and irrigation, temperature, sunlight, fertilizer use, planting and harvest timing, pests, diseases, and management practices. Good results usually come from balancing these factors rather than maximizing only one.",crop_yield_factors
What affects farm yield?,"Crop yield depends on several interacting factors: crop type and genetics, soil fertility and structure, rainfall and irrigation, temperature, sunlight, fertilizer use, planting and harvest timing, pests, diseases, and management practices. Good results usually come from balancing these factors rather than maximizing only one.",crop_yield_factors
How can crop yield be improved?,"Yield can often be improved through suitable crop varieties, healthy soil, balanced fertilization, efficient irrigation, good planting timing, weed and pest control, disease management, crop rotation, and timely harvesting. The best combination depends on the crop, soil, climate, and local conditions.",crop_yield_improvement
How do farmers increase crop yield?,"Yield can often be improved through suitable crop varieties, healthy soil, balanced fertilization, efficient irrigation, good planting timing, weed and pest control, disease management, crop rotation, and timely harvesting. The best combination depends on the crop, soil, climate, and local conditions.",crop_yield_improvement
What can improve agricultural productivity?,"Yield can often be improved through suitable crop varieties, healthy soil, balanced fertilization, efficient irrigation, good planting timing, weed and pest control, disease management, crop rotation, and timely harvesting. The best combination depends on the crop, soil, climate, and local conditions.",crop_yield_improvement
How can I get better crop yield?,"Yield can often be improved through suitable crop varieties, healthy soil, balanced fertilization, efficient irrigation, good planting timing, weed and pest control, disease management, crop rotation, and timely harvesting. The best combination depends on the crop, soil, climate, and local conditions.",crop_yield_improvement
What practices help increase yield?,"Yield can often be improved through suitable crop varieties, healthy soil, balanced fertilization, efficient irrigation, good planting timing, weed and pest control, disease management, crop rotation, and timely harvesting. The best combination depends on the crop, soil, climate, and local conditions.",crop_yield_improvement
How can farmers produce more per hectare?,"Yield can often be improved through suitable crop varieties, healthy soil, balanced fertilization, efficient irrigation, good planting timing, weed and pest control, disease management, crop rotation, and timely harvesting. The best combination depends on the crop, soil, climate, and local conditions.",crop_yield_improvement
Ways to improve crop production?,"Yield can often be improved through suitable crop varieties, healthy soil, balanced fertilization, efficient irrigation, good planting timing, weed and pest control, disease management, crop rotation, and timely harvesting. The best combination depends on the crop, soil, climate, and local conditions.",crop_yield_improvement
How can yield be increased safely?,"Yield can often be improved through suitable crop varieties, healthy soil, balanced fertilization, efficient irrigation, good planting timing, weed and pest control, disease management, crop rotation, and timely harvesting. The best combination depends on the crop, soil, climate, and local conditions.",crop_yield_improvement
What helps crops produce more?,"Yield can often be improved through suitable crop varieties, healthy soil, balanced fertilization, efficient irrigation, good planting timing, weed and pest control, disease management, crop rotation, and timely harvesting. The best combination depends on the crop, soil, climate, and local conditions.",crop_yield_improvement
How do you improve farm productivity?,"Yield can often be improved through suitable crop varieties, healthy soil, balanced fertilization, efficient irrigation, good planting timing, weed and pest control, disease management, crop rotation, and timely harvesting. The best combination depends on the crop, soil, climate, and local conditions.",crop_yield_improvement
What is rainfall?,"Rainfall is a natural source of water for crops. It replenishes soil moisture and supports plant growth, but its timing and distribution can matter as much as the total amount. Too little rain can cause water stress, while excessive rain can cause waterlogging, erosion, nutrient loss, and disease.",rainfall_definition
Explain rainfall in agriculture.,"Rainfall is a natural source of water for crops. It replenishes soil moisture and supports plant growth, but its timing and distribution can matter as much as the total amount. Too little rain can cause water stress, while excessive rain can cause waterlogging, erosion, nutrient loss, and disease.",rainfall_definition
What does rainfall mean for farming?,"Rainfall is a natural source of water for crops. It replenishes soil moisture and supports plant growth, but its timing and distribution can matter as much as the total amount. Too little rain can cause water stress, while excessive rain can cause waterlogging, erosion, nutrient loss, and disease.",rainfall_definition
Define rainfall.,"Rainfall is a natural source of water for crops. It replenishes soil moisture and supports plant growth, but its timing and distribution can matter as much as the total amount. Too little rain can cause water stress, while excessive rain can cause waterlogging, erosion, nutrient loss, and disease.",rainfall_definition
Tell me about rainfall.,"Rainfall is a natural source of water for crops. It replenishes soil moisture and supports plant growth, but its timing and distribution can matter as much as the total amount. Too little rain can cause water stress, while excessive rain can cause waterlogging, erosion, nutrient loss, and disease.",rainfall_definition
Why do crops need rain?,"Rainfall is a natural source of water for crops. It replenishes soil moisture and supports plant growth, but its timing and distribution can matter as much as the total amount. Too little rain can cause water stress, while excessive rain can cause waterlogging, erosion, nutrient loss, and disease.",rainfall_definition
What role does rain play in agriculture?,"Rainfall is a natural source of water for crops. It replenishes soil moisture and supports plant growth, but its timing and distribution can matter as much as the total amount. Too little rain can cause water stress, while excessive rain can cause waterlogging, erosion, nutrient loss, and disease.",rainfall_definition
How is rainfall related to farming?,"Rainfall is a natural source of water for crops. It replenishes soil moisture and supports plant growth, but its timing and distribution can matter as much as the total amount. Too little rain can cause water stress, while excessive rain can cause waterlogging, erosion, nutrient loss, and disease.",rainfall_definition
What is precipitation in agriculture?,"Rainfall is a natural source of water for crops. It replenishes soil moisture and supports plant growth, but its timing and distribution can matter as much as the total amount. Too little rain can cause water stress, while excessive rain can cause waterlogging, erosion, nutrient loss, and disease.",rainfall_definition
Can you explain rainfall?,"Rainfall is a natural source of water for crops. It replenishes soil moisture and supports plant growth, but its timing and distribution can matter as much as the total amount. Too little rain can cause water stress, while excessive rain can cause waterlogging, erosion, nutrient loss, and disease.",rainfall_definition
What happens when rainfall is too low?,"Low rainfall can reduce soil moisture and cause water stress. Plants may grow more slowly, develop smaller leaves, flower poorly, or produce fewer and smaller grains or fruits. The impact depends on crop type, growth stage, soil water-holding capacity, and whether irrigation is available.",rainfall_low
Can low rainfall reduce crop yield?,"Low rainfall can reduce soil moisture and cause water stress. Plants may grow more slowly, develop smaller leaves, flower poorly, or produce fewer and smaller grains or fruits. The impact depends on crop type, growth stage, soil water-holding capacity, and whether irrigation is available.",rainfall_low
How does drought affect crops?,"Low rainfall can reduce soil moisture and cause water stress. Plants may grow more slowly, develop smaller leaves, flower poorly, or produce fewer and smaller grains or fruits. The impact depends on crop type, growth stage, soil water-holding capacity, and whether irrigation is available.",rainfall_low
What happens to crops with little rain?,"Low rainfall can reduce soil moisture and cause water stress. Plants may grow more slowly, develop smaller leaves, flower poorly, or produce fewer and smaller grains or fruits. The impact depends on crop type, growth stage, soil water-holding capacity, and whether irrigation is available.",rainfall_low
Why is low rainfall bad for crops?,"Low rainfall can reduce soil moisture and cause water stress. Plants may grow more slowly, develop smaller leaves, flower poorly, or produce fewer and smaller grains or fruits. The impact depends on crop type, growth stage, soil water-holding capacity, and whether irrigation is available.",rainfall_low
Can insufficient rainfall harm plants?,"Low rainfall can reduce soil moisture and cause water stress. Plants may grow more slowly, develop smaller leaves, flower poorly, or produce fewer and smaller grains or fruits. The impact depends on crop type, growth stage, soil water-holding capacity, and whether irrigation is available.",rainfall_low
How does water shortage affect yield?,"Low rainfall can reduce soil moisture and cause water stress. Plants may grow more slowly, develop smaller leaves, flower poorly, or produce fewer and smaller grains or fruits. The impact depends on crop type, growth stage, soil water-holding capacity, and whether irrigation is available.",rainfall_low
What are the effects of low rainfall?,"Low rainfall can reduce soil moisture and cause water stress. Plants may grow more slowly, develop smaller leaves, flower poorly, or produce fewer and smaller grains or fruits. The impact depends on crop type, growth stage, soil water-holding capacity, and whether irrigation is available.",rainfall_low
Does drought lower productivity?,"Low rainfall can reduce soil moisture and cause water stress. Plants may grow more slowly, develop smaller leaves, flower poorly, or produce fewer and smaller grains or fruits. The impact depends on crop type, growth stage, soil water-holding capacity, and whether irrigation is available.",rainfall_low
What happens if crops do not get enough rain?,"Low rainfall can reduce soil moisture and cause water stress. Plants may grow more slowly, develop smaller leaves, flower poorly, or produce fewer and smaller grains or fruits. The impact depends on crop type, growth stage, soil water-holding capacity, and whether irrigation is available.",rainfall_low
Can too much rainfall reduce yield?,"Excessive rainfall can reduce yield by saturating the soil and limiting oxygen around roots. It can also increase nutrient leaching, erosion, lodging, fungal disease risk, and delays in field operations. Good drainage can reduce some of these problems.",rainfall_excess
What happens when crops get too much rain?,"Excessive rainfall can reduce yield by saturating the soil and limiting oxygen around roots. It can also increase nutrient leaching, erosion, lodging, fungal disease risk, and delays in field operations. Good drainage can reduce some of these problems.",rainfall_excess
How does excessive rainfall affect crops?,"Excessive rainfall can reduce yield by saturating the soil and limiting oxygen around roots. It can also increase nutrient leaching, erosion, lodging, fungal disease risk, and delays in field operations. Good drainage can reduce some of these problems.",rainfall_excess
Is heavy rain harmful to crops?,"Excessive rainfall can reduce yield by saturating the soil and limiting oxygen around roots. It can also increase nutrient leaching, erosion, lodging, fungal disease risk, and delays in field operations. Good drainage can reduce some of these problems.",rainfall_excess
Can excess rain damage plants?,"Excessive rainfall can reduce yield by saturating the soil and limiting oxygen around roots. It can also increase nutrient leaching, erosion, lodging, fungal disease risk, and delays in field operations. Good drainage can reduce some of these problems.",rainfall_excess
What are the effects of too much rainfall?,"Excessive rainfall can reduce yield by saturating the soil and limiting oxygen around roots. It can also increase nutrient leaching, erosion, lodging, fungal disease risk, and delays in field operations. Good drainage can reduce some of these problems.",rainfall_excess
Does waterlogging reduce crop yield?,"Excessive rainfall can reduce yield by saturating the soil and limiting oxygen around roots. It can also increase nutrient leaching, erosion, lodging, fungal disease risk, and delays in field operations. Good drainage can reduce some of these problems.",rainfall_excess
Why can heavy rainfall be bad for farming?,"Excessive rainfall can reduce yield by saturating the soil and limiting oxygen around roots. It can also increase nutrient leaching, erosion, lodging, fungal disease risk, and delays in field operations. Good drainage can reduce some of these problems.",rainfall_excess
What happens in waterlogged soil?,"Excessive rainfall can reduce yield by saturating the soil and limiting oxygen around roots. It can also increase nutrient leaching, erosion, lodging, fungal disease risk, and delays in field operations. Good drainage can reduce some of these problems.",rainfall_excess
Can prolonged rain hurt crops?,"Excessive rainfall can reduce yield by saturating the soil and limiting oxygen around roots. It can also increase nutrient leaching, erosion, lodging, fungal disease risk, and delays in field operations. Good drainage can reduce some of these problems.",rainfall_excess
What is irrigation?,Irrigation is the controlled application of water to crops when natural rainfall does not provide enough water at the right time. It helps maintain soil moisture and can reduce water stress during important growth stages.,irrigation_definition
Define irrigation.,Irrigation is the controlled application of water to crops when natural rainfall does not provide enough water at the right time. It helps maintain soil moisture and can reduce water stress during important growth stages.,irrigation_definition
Explain irrigation.,Irrigation is the controlled application of water to crops when natural rainfall does not provide enough water at the right time. It helps maintain soil moisture and can reduce water stress during important growth stages.,irrigation_definition
What does irrigation mean?,Irrigation is the controlled application of water to crops when natural rainfall does not provide enough water at the right time. It helps maintain soil moisture and can reduce water stress during important growth stages.,irrigation_definition
Tell me about irrigation.,Irrigation is the controlled application of water to crops when natural rainfall does not provide enough water at the right time. It helps maintain soil moisture and can reduce water stress during important growth stages.,irrigation_definition
What is crop irrigation?,Irrigation is the controlled application of water to crops when natural rainfall does not provide enough water at the right time. It helps maintain soil moisture and can reduce water stress during important growth stages.,irrigation_definition
Why do farmers water fields?,Irrigation is the controlled application of water to crops when natural rainfall does not provide enough water at the right time. It helps maintain soil moisture and can reduce water stress during important growth stages.,irrigation_definition
What is artificial watering in agriculture?,Irrigation is the controlled application of water to crops when natural rainfall does not provide enough water at the right time. It helps maintain soil moisture and can reduce water stress during important growth stages.,irrigation_definition
How would you explain irrigation?,Irrigation is the controlled application of water to crops when natural rainfall does not provide enough water at the right time. It helps maintain soil moisture and can reduce water stress during important growth stages.,irrigation_definition
What does irrigating crops mean?,Irrigation is the controlled application of water to crops when natural rainfall does not provide enough water at the right time. It helps maintain soil moisture and can reduce water stress during important growth stages.,irrigation_definition
Why is irrigation important?,"Irrigation helps crops receive water when rainfall is insufficient or irregular. Adequate water supports photosynthesis, nutrient uptake, cell growth, flowering, and grain or fruit development. Proper irrigation can stabilize and improve yield, but the amount and timing should match the crop and soil.",irrigation_importance
How does irrigation help crops?,"Irrigation helps crops receive water when rainfall is insufficient or irregular. Adequate water supports photosynthesis, nutrient uptake, cell growth, flowering, and grain or fruit development. Proper irrigation can stabilize and improve yield, but the amount and timing should match the crop and soil.",irrigation_importance
What are the benefits of irrigation?,"Irrigation helps crops receive water when rainfall is insufficient or irregular. Adequate water supports photosynthesis, nutrient uptake, cell growth, flowering, and grain or fruit development. Proper irrigation can stabilize and improve yield, but the amount and timing should match the crop and soil.",irrigation_importance
Why do farmers use irrigation?,"Irrigation helps crops receive water when rainfall is insufficient or irregular. Adequate water supports photosynthesis, nutrient uptake, cell growth, flowering, and grain or fruit development. Proper irrigation can stabilize and improve yield, but the amount and timing should match the crop and soil.",irrigation_importance
Does irrigation improve crop growth?,"Irrigation helps crops receive water when rainfall is insufficient or irregular. Adequate water supports photosynthesis, nutrient uptake, cell growth, flowering, and grain or fruit development. Proper irrigation can stabilize and improve yield, but the amount and timing should match the crop and soil.",irrigation_importance
Why do crops need irrigation?,"Irrigation helps crops receive water when rainfall is insufficient or irregular. Adequate water supports photosynthesis, nutrient uptake, cell growth, flowering, and grain or fruit development. Proper irrigation can stabilize and improve yield, but the amount and timing should match the crop and soil.",irrigation_importance
How can irrigation affect yield?,"Irrigation helps crops receive water when rainfall is insufficient or irregular. Adequate water supports photosynthesis, nutrient uptake, cell growth, flowering, and grain or fruit development. Proper irrigation can stabilize and improve yield, but the amount and timing should match the crop and soil.",irrigation_importance
What is the purpose of irrigation?,"Irrigation helps crops receive water when rainfall is insufficient or irregular. Adequate water supports photosynthesis, nutrient uptake, cell growth, flowering, and grain or fruit development. Proper irrigation can stabilize and improve yield, but the amount and timing should match the crop and soil.",irrigation_importance
Why is watering important in farming?,"Irrigation helps crops receive water when rainfall is insufficient or irregular. Adequate water supports photosynthesis, nutrient uptake, cell growth, flowering, and grain or fruit development. Proper irrigation can stabilize and improve yield, but the amount and timing should match the crop and soil.",irrigation_importance
How useful is irrigation?,"Irrigation helps crops receive water when rainfall is insufficient or irregular. Adequate water supports photosynthesis, nutrient uptake, cell growth, flowering, and grain or fruit development. Proper irrigation can stabilize and improve yield, but the amount and timing should match the crop and soil.",irrigation_importance
Can too much irrigation harm crops?,"More irrigation is not always better. Excess water can cause waterlogging, reduce oxygen around roots, encourage some diseases, leach nutrients below the root zone, and waste water. In some soils and climates it can also contribute to salinity problems.",irrigation_overuse
What happens if crops are overwatered?,"More irrigation is not always better. Excess water can cause waterlogging, reduce oxygen around roots, encourage some diseases, leach nutrients below the root zone, and waste water. In some soils and climates it can also contribute to salinity problems.",irrigation_overuse
Can excessive irrigation reduce yield?,"More irrigation is not always better. Excess water can cause waterlogging, reduce oxygen around roots, encourage some diseases, leach nutrients below the root zone, and waste water. In some soils and climates it can also contribute to salinity problems.",irrigation_overuse
Why is over-irrigation bad?,"More irrigation is not always better. Excess water can cause waterlogging, reduce oxygen around roots, encourage some diseases, leach nutrients below the root zone, and waste water. In some soils and climates it can also contribute to salinity problems.",irrigation_overuse
What are the risks of too much irrigation?,"More irrigation is not always better. Excess water can cause waterlogging, reduce oxygen around roots, encourage some diseases, leach nutrients below the root zone, and waste water. In some soils and climates it can also contribute to salinity problems.",irrigation_overuse
Can irrigation cause waterlogging?,"More irrigation is not always better. Excess water can cause waterlogging, reduce oxygen around roots, encourage some diseases, leach nutrients below the root zone, and waste water. In some soils and climates it can also contribute to salinity problems.",irrigation_overuse
Does overwatering damage roots?,"More irrigation is not always better. Excess water can cause waterlogging, reduce oxygen around roots, encourage some diseases, leach nutrients below the root zone, and waste water. In some soils and climates it can also contribute to salinity problems.",irrigation_overuse
What happens when fields receive too much water?,"More irrigation is not always better. Excess water can cause waterlogging, reduce oxygen around roots, encourage some diseases, leach nutrients below the root zone, and waste water. In some soils and climates it can also contribute to salinity problems.",irrigation_overuse
Can excessive watering wash nutrients away?,"More irrigation is not always better. Excess water can cause waterlogging, reduce oxygen around roots, encourage some diseases, leach nutrients below the root zone, and waste water. In some soils and climates it can also contribute to salinity problems.",irrigation_overuse
Is more irrigation always better?,"More irrigation is not always better. Excess water can cause waterlogging, reduce oxygen around roots, encourage some diseases, leach nutrients below the root zone, and waste water. In some soils and climates it can also contribute to salinity problems.",irrigation_overuse
What are common irrigation methods?,"Common irrigation methods include surface or furrow irrigation, sprinkler irrigation, and drip irrigation. Surface systems move water across the field, sprinklers distribute water through the air, and drip systems deliver water near the root zone. Efficiency depends on design, maintenance, soil, crop, terrain, and climate.",irrigation_methods
Explain different irrigation systems.,"Common irrigation methods include surface or furrow irrigation, sprinkler irrigation, and drip irrigation. Surface systems move water across the field, sprinklers distribute water through the air, and drip systems deliver water near the root zone. Efficiency depends on design, maintenance, soil, crop, terrain, and climate.",irrigation_methods
What is drip irrigation?,"Common irrigation methods include surface or furrow irrigation, sprinkler irrigation, and drip irrigation. Surface systems move water across the field, sprinklers distribute water through the air, and drip systems deliver water near the root zone. Efficiency depends on design, maintenance, soil, crop, terrain, and climate.",irrigation_methods
What is sprinkler irrigation?,"Common irrigation methods include surface or furrow irrigation, sprinkler irrigation, and drip irrigation. Surface systems move water across the field, sprinklers distribute water through the air, and drip systems deliver water near the root zone. Efficiency depends on design, maintenance, soil, crop, terrain, and climate.",irrigation_methods
Which types of irrigation are used in farming?,"Common irrigation methods include surface or furrow irrigation, sprinkler irrigation, and drip irrigation. Surface systems move water across the field, sprinklers distribute water through the air, and drip systems deliver water near the root zone. Efficiency depends on design, maintenance, soil, crop, terrain, and climate.",irrigation_methods
How can farmers irrigate crops?,"Common irrigation methods include surface or furrow irrigation, sprinkler irrigation, and drip irrigation. Surface systems move water across the field, sprinklers distribute water through the air, and drip systems deliver water near the root zone. Efficiency depends on design, maintenance, soil, crop, terrain, and climate.",irrigation_methods
What are the main irrigation techniques?,"Common irrigation methods include surface or furrow irrigation, sprinkler irrigation, and drip irrigation. Surface systems move water across the field, sprinklers distribute water through the air, and drip systems deliver water near the root zone. Efficiency depends on design, maintenance, soil, crop, terrain, and climate.",irrigation_methods
Tell me about drip and sprinkler irrigation.,"Common irrigation methods include surface or furrow irrigation, sprinkler irrigation, and drip irrigation. Surface systems move water across the field, sprinklers distribute water through the air, and drip systems deliver water near the root zone. Efficiency depends on design, maintenance, soil, crop, terrain, and climate.",irrigation_methods
What irrigation systems exist?,"Common irrigation methods include surface or furrow irrigation, sprinkler irrigation, and drip irrigation. Surface systems move water across the field, sprinklers distribute water through the air, and drip systems deliver water near the root zone. Efficiency depends on design, maintenance, soil, crop, terrain, and climate.",irrigation_methods
How is water supplied to crops?,"Common irrigation methods include surface or furrow irrigation, sprinkler irrigation, and drip irrigation. Surface systems move water across the field, sprinklers distribute water through the air, and drip systems deliver water near the root zone. Efficiency depends on design, maintenance, soil, crop, terrain, and climate.",irrigation_methods
What is fertilizer?,"Fertilizers supply plant nutrients that may be insufficient in the soil. Major nutrients include nitrogen, phosphorus, and potassium, while crops also need secondary nutrients and micronutrients. Fertilizer works best when the type, amount, timing, and placement match crop and soil needs.",fertilizer_definition
Define fertilizer.,"Fertilizers supply plant nutrients that may be insufficient in the soil. Major nutrients include nitrogen, phosphorus, and potassium, while crops also need secondary nutrients and micronutrients. Fertilizer works best when the type, amount, timing, and placement match crop and soil needs.",fertilizer_definition
Explain fertilizer.,"Fertilizers supply plant nutrients that may be insufficient in the soil. Major nutrients include nitrogen, phosphorus, and potassium, while crops also need secondary nutrients and micronutrients. Fertilizer works best when the type, amount, timing, and placement match crop and soil needs.",fertilizer_definition
Why is fertilizer used?,"Fertilizers supply plant nutrients that may be insufficient in the soil. Major nutrients include nitrogen, phosphorus, and potassium, while crops also need secondary nutrients and micronutrients. Fertilizer works best when the type, amount, timing, and placement match crop and soil needs.",fertilizer_definition
What does fertilizer do?,"Fertilizers supply plant nutrients that may be insufficient in the soil. Major nutrients include nitrogen, phosphorus, and potassium, while crops also need secondary nutrients and micronutrients. Fertilizer works best when the type, amount, timing, and placement match crop and soil needs.",fertilizer_definition
Tell me about fertilizers.,"Fertilizers supply plant nutrients that may be insufficient in the soil. Major nutrients include nitrogen, phosphorus, and potassium, while crops also need secondary nutrients and micronutrients. Fertilizer works best when the type, amount, timing, and placement match crop and soil needs.",fertilizer_definition
What are fertilizers in agriculture?,"Fertilizers supply plant nutrients that may be insufficient in the soil. Major nutrients include nitrogen, phosphorus, and potassium, while crops also need secondary nutrients and micronutrients. Fertilizer works best when the type, amount, timing, and placement match crop and soil needs.",fertilizer_definition
Why do farmers apply fertilizer?,"Fertilizers supply plant nutrients that may be insufficient in the soil. Major nutrients include nitrogen, phosphorus, and potassium, while crops also need secondary nutrients and micronutrients. Fertilizer works best when the type, amount, timing, and placement match crop and soil needs.",fertilizer_definition
What is plant fertilizer?,"Fertilizers supply plant nutrients that may be insufficient in the soil. Major nutrients include nitrogen, phosphorus, and potassium, while crops also need secondary nutrients and micronutrients. Fertilizer works best when the type, amount, timing, and placement match crop and soil needs.",fertilizer_definition
How does fertilizer help crops?,"Fertilizers supply plant nutrients that may be insufficient in the soil. Major nutrients include nitrogen, phosphorus, and potassium, while crops also need secondary nutrients and micronutrients. Fertilizer works best when the type, amount, timing, and placement match crop and soil needs.",fertilizer_definition
Does more fertilizer always increase yield?,"More fertilizer does not always mean more yield. Excess fertilizer can damage roots or leaves, create nutrient imbalances, increase production costs, and contribute to nutrient losses into water or the atmosphere. Soil testing and crop-specific recommendations help avoid unnecessary application.",fertilizer_overuse
Can too much fertilizer harm crops?,"More fertilizer does not always mean more yield. Excess fertilizer can damage roots or leaves, create nutrient imbalances, increase production costs, and contribute to nutrient losses into water or the atmosphere. Soil testing and crop-specific recommendations help avoid unnecessary application.",fertilizer_overuse
What happens if fertilizer is overused?,"More fertilizer does not always mean more yield. Excess fertilizer can damage roots or leaves, create nutrient imbalances, increase production costs, and contribute to nutrient losses into water or the atmosphere. Soil testing and crop-specific recommendations help avoid unnecessary application.",fertilizer_overuse
Why is excessive fertilizer bad?,"More fertilizer does not always mean more yield. Excess fertilizer can damage roots or leaves, create nutrient imbalances, increase production costs, and contribute to nutrient losses into water or the atmosphere. Soil testing and crop-specific recommendations help avoid unnecessary application.",fertilizer_overuse
Can overfertilization reduce yield?,"More fertilizer does not always mean more yield. Excess fertilizer can damage roots or leaves, create nutrient imbalances, increase production costs, and contribute to nutrient losses into water or the atmosphere. Soil testing and crop-specific recommendations help avoid unnecessary application.",fertilizer_overuse
What are the risks of too much fertilizer?,"More fertilizer does not always mean more yield. Excess fertilizer can damage roots or leaves, create nutrient imbalances, increase production costs, and contribute to nutrient losses into water or the atmosphere. Soil testing and crop-specific recommendations help avoid unnecessary application.",fertilizer_overuse
Can fertilizer burn plants?,"More fertilizer does not always mean more yield. Excess fertilizer can damage roots or leaves, create nutrient imbalances, increase production costs, and contribute to nutrient losses into water or the atmosphere. Soil testing and crop-specific recommendations help avoid unnecessary application.",fertilizer_overuse
Is more fertilizer always better?,"More fertilizer does not always mean more yield. Excess fertilizer can damage roots or leaves, create nutrient imbalances, increase production costs, and contribute to nutrient losses into water or the atmosphere. Soil testing and crop-specific recommendations help avoid unnecessary application.",fertilizer_overuse
Can excessive nutrients damage crops?,"More fertilizer does not always mean more yield. Excess fertilizer can damage roots or leaves, create nutrient imbalances, increase production costs, and contribute to nutrient losses into water or the atmosphere. Soil testing and crop-specific recommendations help avoid unnecessary application.",fertilizer_overuse
What happens when farmers apply too much fertilizer?,"More fertilizer does not always mean more yield. Excess fertilizer can damage roots or leaves, create nutrient imbalances, increase production costs, and contribute to nutrient losses into water or the atmosphere. Soil testing and crop-specific recommendations help avoid unnecessary application.",fertilizer_overuse
What is soil?,"Soil anchors roots and stores water, air, and nutrients needed for plant growth. Its texture, structure, organic matter, pH, drainage, biological activity, and nutrient status all influence crop performance. Different crops can perform best under different soil conditions.",soil_definition
Why is soil important for crops?,"Soil anchors roots and stores water, air, and nutrients needed for plant growth. Its texture, structure, organic matter, pH, drainage, biological activity, and nutrient status all influence crop performance. Different crops can perform best under different soil conditions.",soil_definition
Explain agricultural soil.,"Soil anchors roots and stores water, air, and nutrients needed for plant growth. Its texture, structure, organic matter, pH, drainage, biological activity, and nutrient status all influence crop performance. Different crops can perform best under different soil conditions.",soil_definition
What role does soil play in farming?,"Soil anchors roots and stores water, air, and nutrients needed for plant growth. Its texture, structure, organic matter, pH, drainage, biological activity, and nutrient status all influence crop performance. Different crops can perform best under different soil conditions.",soil_definition
How does soil support plants?,"Soil anchors roots and stores water, air, and nutrients needed for plant growth. Its texture, structure, organic matter, pH, drainage, biological activity, and nutrient status all influence crop performance. Different crops can perform best under different soil conditions.",soil_definition
Tell me about soil in agriculture.,"Soil anchors roots and stores water, air, and nutrients needed for plant growth. Its texture, structure, organic matter, pH, drainage, biological activity, and nutrient status all influence crop performance. Different crops can perform best under different soil conditions.",soil_definition
Why do crops need healthy soil?,"Soil anchors roots and stores water, air, and nutrients needed for plant growth. Its texture, structure, organic matter, pH, drainage, biological activity, and nutrient status all influence crop performance. Different crops can perform best under different soil conditions.",soil_definition
What does soil provide to crops?,"Soil anchors roots and stores water, air, and nutrients needed for plant growth. Its texture, structure, organic matter, pH, drainage, biological activity, and nutrient status all influence crop performance. Different crops can perform best under different soil conditions.",soil_definition
What makes soil important?,"Soil anchors roots and stores water, air, and nutrients needed for plant growth. Its texture, structure, organic matter, pH, drainage, biological activity, and nutrient status all influence crop performance. Different crops can perform best under different soil conditions.",soil_definition
How does soil affect farming?,"Soil anchors roots and stores water, air, and nutrients needed for plant growth. Its texture, structure, organic matter, pH, drainage, biological activity, and nutrient status all influence crop performance. Different crops can perform best under different soil conditions.",soil_definition
What are sandy clay loam and silt soils?,"Sandy soil has large particles and usually drains quickly; clay has very fine particles and often holds more water; silt has intermediate-sized particles; and loam is a balanced mixture of sand, silt, and clay. Actual suitability also depends on structure, organic matter, drainage, pH, and the crop being grown.",soil_types
Explain different soil types.,"Sandy soil has large particles and usually drains quickly; clay has very fine particles and often holds more water; silt has intermediate-sized particles; and loam is a balanced mixture of sand, silt, and clay. Actual suitability also depends on structure, organic matter, drainage, pH, and the crop being grown.",soil_types
What is loam soil?,"Sandy soil has large particles and usually drains quickly; clay has very fine particles and often holds more water; silt has intermediate-sized particles; and loam is a balanced mixture of sand, silt, and clay. Actual suitability also depends on structure, organic matter, drainage, pH, and the crop being grown.",soil_types
What is sandy soil?,"Sandy soil has large particles and usually drains quickly; clay has very fine particles and often holds more water; silt has intermediate-sized particles; and loam is a balanced mixture of sand, silt, and clay. Actual suitability also depends on structure, organic matter, drainage, pH, and the crop being grown.",soil_types
What is clay soil?,"Sandy soil has large particles and usually drains quickly; clay has very fine particles and often holds more water; silt has intermediate-sized particles; and loam is a balanced mixture of sand, silt, and clay. Actual suitability also depends on structure, organic matter, drainage, pH, and the crop being grown.",soil_types
What is silt soil?,"Sandy soil has large particles and usually drains quickly; clay has very fine particles and often holds more water; silt has intermediate-sized particles; and loam is a balanced mixture of sand, silt, and clay. Actual suitability also depends on structure, organic matter, drainage, pH, and the crop being grown.",soil_types
How are soil types different?,"Sandy soil has large particles and usually drains quickly; clay has very fine particles and often holds more water; silt has intermediate-sized particles; and loam is a balanced mixture of sand, silt, and clay. Actual suitability also depends on structure, organic matter, drainage, pH, and the crop being grown.",soil_types
Tell me about common soil textures.,"Sandy soil has large particles and usually drains quickly; clay has very fine particles and often holds more water; silt has intermediate-sized particles; and loam is a balanced mixture of sand, silt, and clay. Actual suitability also depends on structure, organic matter, drainage, pH, and the crop being grown.",soil_types
What is the difference between sandy and clay soil?,"Sandy soil has large particles and usually drains quickly; clay has very fine particles and often holds more water; silt has intermediate-sized particles; and loam is a balanced mixture of sand, silt, and clay. Actual suitability also depends on structure, organic matter, drainage, pH, and the crop being grown.",soil_types
Which soil types are common in farming?,"Sandy soil has large particles and usually drains quickly; clay has very fine particles and often holds more water; silt has intermediate-sized particles; and loam is a balanced mixture of sand, silt, and clay. Actual suitability also depends on structure, organic matter, drainage, pH, and the crop being grown.",soil_types
How does temperature affect crop yield?,"Temperature affects germination, photosynthesis, respiration, flowering, pollination, and crop development. Temperatures outside a crop's suitable range can slow growth or cause stress. Extreme heat or cold during sensitive stages such as flowering can substantially reduce yield.",temperature_effect
Why is temperature important for crops?,"Temperature affects germination, photosynthesis, respiration, flowering, pollination, and crop development. Temperatures outside a crop's suitable range can slow growth or cause stress. Extreme heat or cold during sensitive stages such as flowering can substantially reduce yield.",temperature_effect
Can high temperature reduce yield?,"Temperature affects germination, photosynthesis, respiration, flowering, pollination, and crop development. Temperatures outside a crop's suitable range can slow growth or cause stress. Extreme heat or cold during sensitive stages such as flowering can substantially reduce yield.",temperature_effect
Can cold weather harm crops?,"Temperature affects germination, photosynthesis, respiration, flowering, pollination, and crop development. Temperatures outside a crop's suitable range can slow growth or cause stress. Extreme heat or cold during sensitive stages such as flowering can substantially reduce yield.",temperature_effect
How does heat affect plants?,"Temperature affects germination, photosynthesis, respiration, flowering, pollination, and crop development. Temperatures outside a crop's suitable range can slow growth or cause stress. Extreme heat or cold during sensitive stages such as flowering can substantially reduce yield.",temperature_effect
What happens when temperature is too high?,"Temperature affects germination, photosynthesis, respiration, flowering, pollination, and crop development. Temperatures outside a crop's suitable range can slow growth or cause stress. Extreme heat or cold during sensitive stages such as flowering can substantially reduce yield.",temperature_effect
How does temperature influence crop growth?,"Temperature affects germination, photosynthesis, respiration, flowering, pollination, and crop development. Temperatures outside a crop's suitable range can slow growth or cause stress. Extreme heat or cold during sensitive stages such as flowering can substantially reduce yield.",temperature_effect
Does temperature affect flowering?,"Temperature affects germination, photosynthesis, respiration, flowering, pollination, and crop development. Temperatures outside a crop's suitable range can slow growth or cause stress. Extreme heat or cold during sensitive stages such as flowering can substantially reduce yield.",temperature_effect
Why do crops need suitable temperatures?,"Temperature affects germination, photosynthesis, respiration, flowering, pollination, and crop development. Temperatures outside a crop's suitable range can slow growth or cause stress. Extreme heat or cold during sensitive stages such as flowering can substantially reduce yield.",temperature_effect
What are temperature effects on agriculture?,"Temperature affects germination, photosynthesis, respiration, flowering, pollination, and crop development. Temperatures outside a crop's suitable range can slow growth or cause stress. Extreme heat or cold during sensitive stages such as flowering can substantially reduce yield.",temperature_effect
How does weather affect crops?,"Weather affects crop water supply, temperature, sunlight, humidity, disease pressure, and field operations. Short periods of extreme heat, heavy rain, frost, hail, or strong wind can damage crops, while favorable conditions during key growth stages can support better development.",weather_effect
Why is weather important in farming?,"Weather affects crop water supply, temperature, sunlight, humidity, disease pressure, and field operations. Short periods of extreme heat, heavy rain, frost, hail, or strong wind can damage crops, while favorable conditions during key growth stages can support better development.",weather_effect
Can weather change crop yield?,"Weather affects crop water supply, temperature, sunlight, humidity, disease pressure, and field operations. Short periods of extreme heat, heavy rain, frost, hail, or strong wind can damage crops, while favorable conditions during key growth stages can support better development.",weather_effect
What weather conditions affect agriculture?,"Weather affects crop water supply, temperature, sunlight, humidity, disease pressure, and field operations. Short periods of extreme heat, heavy rain, frost, hail, or strong wind can damage crops, while favorable conditions during key growth stages can support better development.",weather_effect
How do sunny rainy and cloudy conditions affect crops?,"Weather affects crop water supply, temperature, sunlight, humidity, disease pressure, and field operations. Short periods of extreme heat, heavy rain, frost, hail, or strong wind can damage crops, while favorable conditions during key growth stages can support better development.",weather_effect
Does weather influence farming?,"Weather affects crop water supply, temperature, sunlight, humidity, disease pressure, and field operations. Short periods of extreme heat, heavy rain, frost, hail, or strong wind can damage crops, while favorable conditions during key growth stages can support better development.",weather_effect
What is the relationship between weather and yield?,"Weather affects crop water supply, temperature, sunlight, humidity, disease pressure, and field operations. Short periods of extreme heat, heavy rain, frost, hail, or strong wind can damage crops, while favorable conditions during key growth stages can support better development.",weather_effect
Why do farmers monitor weather?,"Weather affects crop water supply, temperature, sunlight, humidity, disease pressure, and field operations. Short periods of extreme heat, heavy rain, frost, hail, or strong wind can damage crops, while favorable conditions during key growth stages can support better development.",weather_effect
Can bad weather damage crops?,"Weather affects crop water supply, temperature, sunlight, humidity, disease pressure, and field operations. Short periods of extreme heat, heavy rain, frost, hail, or strong wind can damage crops, while favorable conditions during key growth stages can support better development.",weather_effect
How important is weather for crop production?,"Weather affects crop water supply, temperature, sunlight, humidity, disease pressure, and field operations. Short periods of extreme heat, heavy rain, frost, hail, or strong wind can damage crops, while favorable conditions during key growth stages can support better development.",weather_effect
Why is harvest timing important?,"Days to harvest represents the approximate time a crop takes to reach harvestable maturity. Harvesting too early can reduce size, yield, or quality, while excessive delay can increase losses from shattering, lodging, pests, disease, weather, or over-ripening. The correct timing is crop-specific.",harvest_timing
What are days to harvest?,"Days to harvest represents the approximate time a crop takes to reach harvestable maturity. Harvesting too early can reduce size, yield, or quality, while excessive delay can increase losses from shattering, lodging, pests, disease, weather, or over-ripening. The correct timing is crop-specific.",harvest_timing
What happens if crops are harvested too early?,"Days to harvest represents the approximate time a crop takes to reach harvestable maturity. Harvesting too early can reduce size, yield, or quality, while excessive delay can increase losses from shattering, lodging, pests, disease, weather, or over-ripening. The correct timing is crop-specific.",harvest_timing
Can late harvesting reduce quality?,"Days to harvest represents the approximate time a crop takes to reach harvestable maturity. Harvesting too early can reduce size, yield, or quality, while excessive delay can increase losses from shattering, lodging, pests, disease, weather, or over-ripening. The correct timing is crop-specific.",harvest_timing
How does harvest time affect crops?,"Days to harvest represents the approximate time a crop takes to reach harvestable maturity. Harvesting too early can reduce size, yield, or quality, while excessive delay can increase losses from shattering, lodging, pests, disease, weather, or over-ripening. The correct timing is crop-specific.",harvest_timing
Why should crops be harvested at the right time?,"Days to harvest represents the approximate time a crop takes to reach harvestable maturity. Harvesting too early can reduce size, yield, or quality, while excessive delay can increase losses from shattering, lodging, pests, disease, weather, or over-ripening. The correct timing is crop-specific.",harvest_timing
What does days to harvest mean?,"Days to harvest represents the approximate time a crop takes to reach harvestable maturity. Harvesting too early can reduce size, yield, or quality, while excessive delay can increase losses from shattering, lodging, pests, disease, weather, or over-ripening. The correct timing is crop-specific.",harvest_timing
Does harvest timing affect yield?,"Days to harvest represents the approximate time a crop takes to reach harvestable maturity. Harvesting too early can reduce size, yield, or quality, while excessive delay can increase losses from shattering, lodging, pests, disease, weather, or over-ripening. The correct timing is crop-specific.",harvest_timing
How do farmers know when to harvest?,"Days to harvest represents the approximate time a crop takes to reach harvestable maturity. Harvesting too early can reduce size, yield, or quality, while excessive delay can increase losses from shattering, lodging, pests, disease, weather, or over-ripening. The correct timing is crop-specific.",harvest_timing
Why is maturity important before harvesting?,"Days to harvest represents the approximate time a crop takes to reach harvestable maturity. Harvesting too early can reduce size, yield, or quality, while excessive delay can increase losses from shattering, lodging, pests, disease, weather, or over-ripening. The correct timing is crop-specific.",harvest_timing
What inputs does the crop yield model use?,"The crop-yield model uses nine inputs: Region, Soil Type, Crop, Rainfall in millimeters, Temperature in Celsius, Fertilizer Used, Irrigation Used, Weather Condition, and Days to Harvest. It predicts Yield in tons per hectare.",model_inputs
Which features are used for prediction?,"The crop-yield model uses nine inputs: Region, Soil Type, Crop, Rainfall in millimeters, Temperature in Celsius, Fertilizer Used, Irrigation Used, Weather Condition, and Days to Harvest. It predicts Yield in tons per hectare.",model_inputs
What information do I enter for yield prediction?,"The crop-yield model uses nine inputs: Region, Soil Type, Crop, Rainfall in millimeters, Temperature in Celsius, Fertilizer Used, Irrigation Used, Weather Condition, and Days to Harvest. It predicts Yield in tons per hectare.",model_inputs
What variables does the model need?,"The crop-yield model uses nine inputs: Region, Soil Type, Crop, Rainfall in millimeters, Temperature in Celsius, Fertilizer Used, Irrigation Used, Weather Condition, and Days to Harvest. It predicts Yield in tons per hectare.",model_inputs
Which columns are used by the regression model?,"The crop-yield model uses nine inputs: Region, Soil Type, Crop, Rainfall in millimeters, Temperature in Celsius, Fertilizer Used, Irrigation Used, Weather Condition, and Days to Harvest. It predicts Yield in tons per hectare.",model_inputs
What features predict crop yield?,"The crop-yield model uses nine inputs: Region, Soil Type, Crop, Rainfall in millimeters, Temperature in Celsius, Fertilizer Used, Irrigation Used, Weather Condition, and Days to Harvest. It predicts Yield in tons per hectare.",model_inputs
What data is required for a prediction?,"The crop-yield model uses nine inputs: Region, Soil Type, Crop, Rainfall in millimeters, Temperature in Celsius, Fertilizer Used, Irrigation Used, Weather Condition, and Days to Harvest. It predicts Yield in tons per hectare.",model_inputs
What does the yield predictor consider?,"The crop-yield model uses nine inputs: Region, Soil Type, Crop, Rainfall in millimeters, Temperature in Celsius, Fertilizer Used, Irrigation Used, Weather Condition, and Days to Harvest. It predicts Yield in tons per hectare.",model_inputs
Which factors are inputs to your model?,"The crop-yield model uses nine inputs: Region, Soil Type, Crop, Rainfall in millimeters, Temperature in Celsius, Fertilizer Used, Irrigation Used, Weather Condition, and Days to Harvest. It predicts Yield in tons per hectare.",model_inputs
What fields are required by the yield model?,"The crop-yield model uses nine inputs: Region, Soil Type, Crop, Rainfall in millimeters, Temperature in Celsius, Fertilizer Used, Irrigation Used, Weather Condition, and Days to Harvest. It predicts Yield in tons per hectare.",model_inputs
Which algorithm predicts crop yield?,The project uses a Linear Regression model for crop-yield prediction. Categorical inputs are encoded during preprocessing and numerical and encoded features are passed to the regression model. Linear Regression was selected because it performed slightly better than the tested Random Forest on this dataset.,model_algorithm
What model is used for yield prediction?,The project uses a Linear Regression model for crop-yield prediction. Categorical inputs are encoded during preprocessing and numerical and encoded features are passed to the regression model. Linear Regression was selected because it performed slightly better than the tested Random Forest on this dataset.,model_algorithm
Why did you use linear regression?,The project uses a Linear Regression model for crop-yield prediction. Categorical inputs are encoded during preprocessing and numerical and encoded features are passed to the regression model. Linear Regression was selected because it performed slightly better than the tested Random Forest on this dataset.,model_algorithm
Is the crop model linear regression?,The project uses a Linear Regression model for crop-yield prediction. Categorical inputs are encoded during preprocessing and numerical and encoded features are passed to the regression model. Linear Regression was selected because it performed slightly better than the tested Random Forest on this dataset.,model_algorithm
What machine learning algorithm does the project use?,The project uses a Linear Regression model for crop-yield prediction. Categorical inputs are encoded during preprocessing and numerical and encoded features are passed to the regression model. Linear Regression was selected because it performed slightly better than the tested Random Forest on this dataset.,model_algorithm
How is crop yield predicted in this project?,The project uses a Linear Regression model for crop-yield prediction. Categorical inputs are encoded during preprocessing and numerical and encoded features are passed to the regression model. Linear Regression was selected because it performed slightly better than the tested Random Forest on this dataset.,model_algorithm
Which regression model was selected?,The project uses a Linear Regression model for crop-yield prediction. Categorical inputs are encoded during preprocessing and numerical and encoded features are passed to the regression model. Linear Regression was selected because it performed slightly better than the tested Random Forest on this dataset.,model_algorithm
What algorithm powers the yield predictor?,The project uses a Linear Regression model for crop-yield prediction. Categorical inputs are encoded during preprocessing and numerical and encoded features are passed to the regression model. Linear Regression was selected because it performed slightly better than the tested Random Forest on this dataset.,model_algorithm
Tell me about the crop yield model.,The project uses a Linear Regression model for crop-yield prediction. Categorical inputs are encoded during preprocessing and numerical and encoded features are passed to the regression model. Linear Regression was selected because it performed slightly better than the tested Random Forest on this dataset.,model_algorithm
How does the prediction model work?,The project uses a Linear Regression model for crop-yield prediction. Categorical inputs are encoded during preprocessing and numerical and encoded features are passed to the regression model. Linear Regression was selected because it performed slightly better than the tested Random Forest on this dataset.,model_algorithm
How accurate is the crop yield model?,"On the project's test split, Linear Regression achieved R² ≈ 0.9132, MAE ≈ 0.3983 tons/hectare, MSE ≈ 0.2493, and RMSE ≈ 0.4993 tons/hectare. These values describe performance on this dataset and should not be treated as guaranteed accuracy on real farms.",model_performance
What is the R squared score?,"On the project's test split, Linear Regression achieved R² ≈ 0.9132, MAE ≈ 0.3983 tons/hectare, MSE ≈ 0.2493, and RMSE ≈ 0.4993 tons/hectare. These values describe performance on this dataset and should not be treated as guaranteed accuracy on real farms.",model_performance
How well does the regression model perform?,"On the project's test split, Linear Regression achieved R² ≈ 0.9132, MAE ≈ 0.3983 tons/hectare, MSE ≈ 0.2493, and RMSE ≈ 0.4993 tons/hectare. These values describe performance on this dataset and should not be treated as guaranteed accuracy on real farms.",model_performance
What are the model evaluation results?,"On the project's test split, Linear Regression achieved R² ≈ 0.9132, MAE ≈ 0.3983 tons/hectare, MSE ≈ 0.2493, and RMSE ≈ 0.4993 tons/hectare. These values describe performance on this dataset and should not be treated as guaranteed accuracy on real farms.",model_performance
What is the RMSE of the crop model?,"On the project's test split, Linear Regression achieved R² ≈ 0.9132, MAE ≈ 0.3983 tons/hectare, MSE ≈ 0.2493, and RMSE ≈ 0.4993 tons/hectare. These values describe performance on this dataset and should not be treated as guaranteed accuracy on real farms.",model_performance
What is the MAE of the model?,"On the project's test split, Linear Regression achieved R² ≈ 0.9132, MAE ≈ 0.3983 tons/hectare, MSE ≈ 0.2493, and RMSE ≈ 0.4993 tons/hectare. These values describe performance on this dataset and should not be treated as guaranteed accuracy on real farms.",model_performance
How good is the yield predictor?,"On the project's test split, Linear Regression achieved R² ≈ 0.9132, MAE ≈ 0.3983 tons/hectare, MSE ≈ 0.2493, and RMSE ≈ 0.4993 tons/hectare. These values describe performance on this dataset and should not be treated as guaranteed accuracy on real farms.",model_performance
What performance did linear regression achieve?,"On the project's test split, Linear Regression achieved R² ≈ 0.9132, MAE ≈ 0.3983 tons/hectare, MSE ≈ 0.2493, and RMSE ≈ 0.4993 tons/hectare. These values describe performance on this dataset and should not be treated as guaranteed accuracy on real farms.",model_performance
Tell me the crop model metrics.,"On the project's test split, Linear Regression achieved R² ≈ 0.9132, MAE ≈ 0.3983 tons/hectare, MSE ≈ 0.2493, and RMSE ≈ 0.4993 tons/hectare. These values describe performance on this dataset and should not be treated as guaranteed accuracy on real farms.",model_performance
What is the model's R2?,"On the project's test split, Linear Regression achieved R² ≈ 0.9132, MAE ≈ 0.3983 tons/hectare, MSE ≈ 0.2493, and RMSE ≈ 0.4993 tons/hectare. These values describe performance on this dataset and should not be treated as guaranteed accuracy on real farms.",model_performance
Can farmers rely on this prediction completely?,"The model is a project-level prediction system, not a substitute for local agronomic advice. Its predictions are limited by the variables and patterns in its training dataset and do not directly include factors such as pests, diseases, detailed soil chemistry, crop variety, extreme events, or local management practices.",model_limitations
What are the limitations of the crop model?,"The model is a project-level prediction system, not a substitute for local agronomic advice. Its predictions are limited by the variables and patterns in its training dataset and do not directly include factors such as pests, diseases, detailed soil chemistry, crop variety, extreme events, or local management practices.",model_limitations
Is the prediction guaranteed to be correct?,"The model is a project-level prediction system, not a substitute for local agronomic advice. Its predictions are limited by the variables and patterns in its training dataset and do not directly include factors such as pests, diseases, detailed soil chemistry, crop variety, extreme events, or local management practices.",model_limitations
Can this model replace agricultural experts?,"The model is a project-level prediction system, not a substitute for local agronomic advice. Its predictions are limited by the variables and patterns in its training dataset and do not directly include factors such as pests, diseases, detailed soil chemistry, crop variety, extreme events, or local management practices.",model_limitations
Will the model work on every farm?,"The model is a project-level prediction system, not a substitute for local agronomic advice. Its predictions are limited by the variables and patterns in its training dataset and do not directly include factors such as pests, diseases, detailed soil chemistry, crop variety, extreme events, or local management practices.",model_limitations
How reliable is the model in the real world?,"The model is a project-level prediction system, not a substitute for local agronomic advice. Its predictions are limited by the variables and patterns in its training dataset and do not directly include factors such as pests, diseases, detailed soil chemistry, crop variety, extreme events, or local management practices.",model_limitations
What does the crop model not consider?,"The model is a project-level prediction system, not a substitute for local agronomic advice. Its predictions are limited by the variables and patterns in its training dataset and do not directly include factors such as pests, diseases, detailed soil chemistry, crop variety, extreme events, or local management practices.",model_limitations
Should farmers make decisions only from this model?,"The model is a project-level prediction system, not a substitute for local agronomic advice. Its predictions are limited by the variables and patterns in its training dataset and do not directly include factors such as pests, diseases, detailed soil chemistry, crop variety, extreme events, or local management practices.",model_limitations
Is this a real-world farming recommendation system?,"The model is a project-level prediction system, not a substitute for local agronomic advice. Its predictions are limited by the variables and patterns in its training dataset and do not directly include factors such as pests, diseases, detailed soil chemistry, crop variety, extreme events, or local management practices.",model_limitations
Can the model predict every possible condition?,"The model is a project-level prediction system, not a substitute for local agronomic advice. Its predictions are limited by the variables and patterns in its training dataset and do not directly include factors such as pests, diseases, detailed soil chemistry, crop variety, extreme events, or local management practices.",model_limitations
How does the disease detector work?,"The maize image classifier resizes a leaf image to 128×128, converts it to grayscale, extracts HOG shape-and-texture features, and classifies those features with an RBF-kernel SVM. It recognizes Cercospora Leaf Spot, Common Rust, Healthy, and Northern Leaf Blight. The recorded test accuracy is about 86.41% on the project's test set.",disease_model
Which model detects maize disease?,"The maize image classifier resizes a leaf image to 128×128, converts it to grayscale, extracts HOG shape-and-texture features, and classifies those features with an RBF-kernel SVM. It recognizes Cercospora Leaf Spot, Common Rust, Healthy, and Northern Leaf Blight. The recorded test accuracy is about 86.41% on the project's test set.",disease_model
What image classifier is used?,"The maize image classifier resizes a leaf image to 128×128, converts it to grayscale, extracts HOG shape-and-texture features, and classifies those features with an RBF-kernel SVM. It recognizes Cercospora Leaf Spot, Common Rust, Healthy, and Northern Leaf Blight. The recorded test accuracy is about 86.41% on the project's test set.",disease_model
How are maize leaves classified?,"The maize image classifier resizes a leaf image to 128×128, converts it to grayscale, extracts HOG shape-and-texture features, and classifies those features with an RBF-kernel SVM. It recognizes Cercospora Leaf Spot, Common Rust, Healthy, and Northern Leaf Blight. The recorded test accuracy is about 86.41% on the project's test set.",disease_model
What is HOG and SVM doing in the project?,"The maize image classifier resizes a leaf image to 128×128, converts it to grayscale, extracts HOG shape-and-texture features, and classifies those features with an RBF-kernel SVM. It recognizes Cercospora Leaf Spot, Common Rust, Healthy, and Northern Leaf Blight. The recorded test accuracy is about 86.41% on the project's test set.",disease_model
Which diseases can the image model identify?,"The maize image classifier resizes a leaf image to 128×128, converts it to grayscale, extracts HOG shape-and-texture features, and classifies those features with an RBF-kernel SVM. It recognizes Cercospora Leaf Spot, Common Rust, Healthy, and Northern Leaf Blight. The recorded test accuracy is about 86.41% on the project's test set.",disease_model
Tell me about the maize classifier.,"The maize image classifier resizes a leaf image to 128×128, converts it to grayscale, extracts HOG shape-and-texture features, and classifies those features with an RBF-kernel SVM. It recognizes Cercospora Leaf Spot, Common Rust, Healthy, and Northern Leaf Blight. The recorded test accuracy is about 86.41% on the project's test set.",disease_model
How does leaf disease prediction work?,"The maize image classifier resizes a leaf image to 128×128, converts it to grayscale, extracts HOG shape-and-texture features, and classifies those features with an RBF-kernel SVM. It recognizes Cercospora Leaf Spot, Common Rust, Healthy, and Northern Leaf Blight. The recorded test accuracy is about 86.41% on the project's test set.",disease_model
What are the disease classes?,"The maize image classifier resizes a leaf image to 128×128, converts it to grayscale, extracts HOG shape-and-texture features, and classifies those features with an RBF-kernel SVM. It recognizes Cercospora Leaf Spot, Common Rust, Healthy, and Northern Leaf Blight. The recorded test accuracy is about 86.41% on the project's test set.",disease_model
What is the accuracy of the disease model?,"The maize image classifier resizes a leaf image to 128×128, converts it to grayscale, extracts HOG shape-and-texture features, and classifies those features with an RBF-kernel SVM. It recognizes Cercospora Leaf Spot, Common Rust, Healthy, and Northern Leaf Blight. The recorded test accuracy is about 86.41% on the project's test set.",disease_model
Can the disease detector identify every plant disease?,"The classifier is limited to the four maize-leaf classes it was trained on and can misclassify unfamiliar images. Lighting, background, camera angle, image quality, disease stage, and differences from the training images can affect predictions. It should be treated as a project classifier rather than a definitive plant-disease diagnosis.",disease_model_limitations
Why can the image classifier make mistakes?,"The classifier is limited to the four maize-leaf classes it was trained on and can misclassify unfamiliar images. Lighting, background, camera angle, image quality, disease stage, and differences from the training images can affect predictions. It should be treated as a project classifier rather than a definitive plant-disease diagnosis.",disease_model_limitations
Can I upload any plant image?,"The classifier is limited to the four maize-leaf classes it was trained on and can misclassify unfamiliar images. Lighting, background, camera angle, image quality, disease stage, and differences from the training images can affect predictions. It should be treated as a project classifier rather than a definitive plant-disease diagnosis.",disease_model_limitations
Does the disease model work on field photos?,"The classifier is limited to the four maize-leaf classes it was trained on and can misclassify unfamiliar images. Lighting, background, camera angle, image quality, disease stage, and differences from the training images can affect predictions. It should be treated as a project classifier rather than a definitive plant-disease diagnosis.",disease_model_limitations
Is disease detection always correct?,"The classifier is limited to the four maize-leaf classes it was trained on and can misclassify unfamiliar images. Lighting, background, camera angle, image quality, disease stage, and differences from the training images can affect predictions. It should be treated as a project classifier rather than a definitive plant-disease diagnosis.",disease_model_limitations
What are the image classifier limitations?,"The classifier is limited to the four maize-leaf classes it was trained on and can misclassify unfamiliar images. Lighting, background, camera angle, image quality, disease stage, and differences from the training images can affect predictions. It should be treated as a project classifier rather than a definitive plant-disease diagnosis.",disease_model_limitations
Can it detect diseases outside the four classes?,"The classifier is limited to the four maize-leaf classes it was trained on and can misclassify unfamiliar images. Lighting, background, camera angle, image quality, disease stage, and differences from the training images can affect predictions. It should be treated as a project classifier rather than a definitive plant-disease diagnosis.",disease_model_limitations
Why does image quality matter?,"The classifier is limited to the four maize-leaf classes it was trained on and can misclassify unfamiliar images. Lighting, background, camera angle, image quality, disease stage, and differences from the training images can affect predictions. It should be treated as a project classifier rather than a definitive plant-disease diagnosis.",disease_model_limitations
Should I use the classifier as a diagnosis?,"The classifier is limited to the four maize-leaf classes it was trained on and can misclassify unfamiliar images. Lighting, background, camera angle, image quality, disease stage, and differences from the training images can affect predictions. It should be treated as a project classifier rather than a definitive plant-disease diagnosis.",disease_model_limitations
Can the classifier replace a plant pathologist?,"The classifier is limited to the four maize-leaf classes it was trained on and can misclassify unfamiliar images. Lighting, background, camera angle, image quality, disease stage, and differences from the training images can affect predictions. It should be treated as a project classifier rather than a definitive plant-disease diagnosis.",disease_model_limitations
How does the chatbot work?,"The chatbot is not an LLM. It preprocesses the question, converts text into TF-IDF features, uses Multinomial Naive Bayes to predict an intent, and then uses cosine similarity to find a relevant stored question within that intent. The answer comes from the chatbot knowledge-base dataset.",chatbot_model
Which NLP model does the assistant use?,"The chatbot is not an LLM. It preprocesses the question, converts text into TF-IDF features, uses Multinomial Naive Bayes to predict an intent, and then uses cosine similarity to find a relevant stored question within that intent. The answer comes from the chatbot knowledge-base dataset.",chatbot_model
What is TF-IDF used for?,"The chatbot is not an LLM. It preprocesses the question, converts text into TF-IDF features, uses Multinomial Naive Bayes to predict an intent, and then uses cosine similarity to find a relevant stored question within that intent. The answer comes from the chatbot knowledge-base dataset.",chatbot_model
Why does the chatbot use Naive Bayes?,"The chatbot is not an LLM. It preprocesses the question, converts text into TF-IDF features, uses Multinomial Naive Bayes to predict an intent, and then uses cosine similarity to find a relevant stored question within that intent. The answer comes from the chatbot knowledge-base dataset.",chatbot_model
How does the assistant choose an answer?,"The chatbot is not an LLM. It preprocesses the question, converts text into TF-IDF features, uses Multinomial Naive Bayes to predict an intent, and then uses cosine similarity to find a relevant stored question within that intent. The answer comes from the chatbot knowledge-base dataset.",chatbot_model
Explain the chatbot architecture.,"The chatbot is not an LLM. It preprocesses the question, converts text into TF-IDF features, uses Multinomial Naive Bayes to predict an intent, and then uses cosine similarity to find a relevant stored question within that intent. The answer comes from the chatbot knowledge-base dataset.",chatbot_model
What machine learning is used in the chatbot?,"The chatbot is not an LLM. It preprocesses the question, converts text into TF-IDF features, uses Multinomial Naive Bayes to predict an intent, and then uses cosine similarity to find a relevant stored question within that intent. The answer comes from the chatbot knowledge-base dataset.",chatbot_model
How are chatbot intents predicted?,"The chatbot is not an LLM. It preprocesses the question, converts text into TF-IDF features, uses Multinomial Naive Bayes to predict an intent, and then uses cosine similarity to find a relevant stored question within that intent. The answer comes from the chatbot knowledge-base dataset.",chatbot_model
What is cosine similarity doing in the chatbot?,"The chatbot is not an LLM. It preprocesses the question, converts text into TF-IDF features, uses Multinomial Naive Bayes to predict an intent, and then uses cosine similarity to find a relevant stored question within that intent. The answer comes from the chatbot knowledge-base dataset.",chatbot_model
Is the chatbot using an LLM?,"The chatbot is not an LLM. It preprocesses the question, converts text into TF-IDF features, uses Multinomial Naive Bayes to predict an intent, and then uses cosine similarity to find a relevant stored question within that intent. The answer comes from the chatbot knowledge-base dataset.",chatbot_model
Does region affect the model prediction?,"Region is a categorical input in the crop-yield dataset, with North, South, East, and West as supported values. The preprocessing pipeline encodes the category numerically, so changing the region can change a prediction if the trained regression model learned different coefficients for those encoded categories.",region_model
Why is region an input?,"Region is a categorical input in the crop-yield dataset, with North, South, East, and West as supported values. The preprocessing pipeline encodes the category numerically, so changing the region can change a prediction if the trained regression model learned different coefficients for those encoded categories.",region_model
Can changing North to South change the prediction?,"Region is a categorical input in the crop-yield dataset, with North, South, East, and West as supported values. The preprocessing pipeline encodes the category numerically, so changing the region can change a prediction if the trained regression model learned different coefficients for those encoded categories.",region_model
How does the model use region?,"Region is a categorical input in the crop-yield dataset, with North, South, East, and West as supported values. The preprocessing pipeline encodes the category numerically, so changing the region can change a prediction if the trained regression model learned different coefficients for those encoded categories.",region_model
Are North South East and West used by the model?,"Region is a categorical input in the crop-yield dataset, with North, South, East, and West as supported values. The preprocessing pipeline encodes the category numerically, so changing the region can change a prediction if the trained regression model learned different coefficients for those encoded categories.",region_model
Is region categorical?,"Region is a categorical input in the crop-yield dataset, with North, South, East, and West as supported values. The preprocessing pipeline encodes the category numerically, so changing the region can change a prediction if the trained regression model learned different coefficients for those encoded categories.",region_model
Does the regression model understand region names?,"Region is a categorical input in the crop-yield dataset, with North, South, East, and West as supported values. The preprocessing pipeline encodes the category numerically, so changing the region can change a prediction if the trained regression model learned different coefficients for those encoded categories.",region_model
How are regions processed?,"Region is a categorical input in the crop-yield dataset, with North, South, East, and West as supported values. The preprocessing pipeline encodes the category numerically, so changing the region can change a prediction if the trained regression model learned different coefficients for those encoded categories.",region_model
Can region influence crop yield prediction?,"Region is a categorical input in the crop-yield dataset, with North, South, East, and West as supported values. The preprocessing pipeline encodes the category numerically, so changing the region can change a prediction if the trained regression model learned different coefficients for those encoded categories.",region_model
What regions are supported?,"Region is a categorical input in the crop-yield dataset, with North, South, East, and West as supported values. The preprocessing pipeline encodes the category numerically, so changing the region can change a prediction if the trained regression model learned different coefficients for those encoded categories.",region_model
Do categorical columns affect prediction?,"Yes. Categorical features can affect the prediction after they are encoded into numerical features. In this project, variables such as Region, Soil Type, Crop, Fertilizer Used, Irrigation Used, and Weather Condition can contribute to the regression result according to the relationships learned from the training data.",categorical_features
How does linear regression use crop names?,"Yes. Categorical features can affect the prediction after they are encoded into numerical features. In this project, variables such as Region, Soil Type, Crop, Fertilizer Used, Irrigation Used, and Weather Condition can contribute to the regression result according to the relationships learned from the training data.",categorical_features
How are categorical variables handled?,"Yes. Categorical features can affect the prediction after they are encoded into numerical features. In this project, variables such as Region, Soil Type, Crop, Fertilizer Used, Irrigation Used, and Weather Condition can contribute to the regression result according to the relationships learned from the training data.",categorical_features
Does soil type change the prediction?,"Yes. Categorical features can affect the prediction after they are encoded into numerical features. In this project, variables such as Region, Soil Type, Crop, Fertilizer Used, Irrigation Used, and Weather Condition can contribute to the regression result according to the relationships learned from the training data.",categorical_features
Can crop type affect the regression output?,"Yes. Categorical features can affect the prediction after they are encoded into numerical features. In this project, variables such as Region, Soil Type, Crop, Fertilizer Used, Irrigation Used, and Weather Condition can contribute to the regression result according to the relationships learned from the training data.",categorical_features
How are words converted for the model?,"Yes. Categorical features can affect the prediction after they are encoded into numerical features. In this project, variables such as Region, Soil Type, Crop, Fertilizer Used, Irrigation Used, and Weather Condition can contribute to the regression result according to the relationships learned from the training data.",categorical_features
Does weather condition affect prediction?,"Yes. Categorical features can affect the prediction after they are encoded into numerical features. In this project, variables such as Region, Soil Type, Crop, Fertilizer Used, Irrigation Used, and Weather Condition can contribute to the regression result according to the relationships learned from the training data.",categorical_features
Can fertilizer yes or no change yield?,"Yes. Categorical features can affect the prediction after they are encoded into numerical features. In this project, variables such as Region, Soil Type, Crop, Fertilizer Used, Irrigation Used, and Weather Condition can contribute to the regression result according to the relationships learned from the training data.",categorical_features
Can irrigation yes or no change prediction?,"Yes. Categorical features can affect the prediction after they are encoded into numerical features. In this project, variables such as Region, Soil Type, Crop, Fertilizer Used, Irrigation Used, and Weather Condition can contribute to the regression result according to the relationships learned from the training data.",categorical_features
How does one hot encoding help the model?,"Yes. Categorical features can affect the prediction after they are encoded into numerical features. In this project, variables such as Region, Soil Type, Crop, Fertilizer Used, Irrigation Used, and Weather Condition can contribute to the regression result according to the relationships learned from the training data.",categorical_features
Tell me about wheat.,"Wheat is one of the crop categories supported by the project's yield dataset and prediction interface. The model can estimate wheat yield from the other supplied features, but the result reflects patterns in the training dataset rather than a complete agronomic simulation of wheat production.",wheat_general
What is wheat?,"Wheat is one of the crop categories supported by the project's yield dataset and prediction interface. The model can estimate wheat yield from the other supplied features, but the result reflects patterns in the training dataset rather than a complete agronomic simulation of wheat production.",wheat_general
Is wheat supported by the model?,"Wheat is one of the crop categories supported by the project's yield dataset and prediction interface. The model can estimate wheat yield from the other supplied features, but the result reflects patterns in the training dataset rather than a complete agronomic simulation of wheat production.",wheat_general
Can the model predict wheat yield?,"Wheat is one of the crop categories supported by the project's yield dataset and prediction interface. The model can estimate wheat yield from the other supplied features, but the result reflects patterns in the training dataset rather than a complete agronomic simulation of wheat production.",wheat_general
Does the project include wheat?,"Wheat is one of the crop categories supported by the project's yield dataset and prediction interface. The model can estimate wheat yield from the other supplied features, but the result reflects patterns in the training dataset rather than a complete agronomic simulation of wheat production.",wheat_general
What should I know about wheat in this project?,"Wheat is one of the crop categories supported by the project's yield dataset and prediction interface. The model can estimate wheat yield from the other supplied features, but the result reflects patterns in the training dataset rather than a complete agronomic simulation of wheat production.",wheat_general
Can I select wheat for prediction?,"Wheat is one of the crop categories supported by the project's yield dataset and prediction interface. The model can estimate wheat yield from the other supplied features, but the result reflects patterns in the training dataset rather than a complete agronomic simulation of wheat production.",wheat_general
Is wheat in the crop dataset?,"Wheat is one of the crop categories supported by the project's yield dataset and prediction interface. The model can estimate wheat yield from the other supplied features, but the result reflects patterns in the training dataset rather than a complete agronomic simulation of wheat production.",wheat_general
How is wheat used by the model?,"Wheat is one of the crop categories supported by the project's yield dataset and prediction interface. The model can estimate wheat yield from the other supplied features, but the result reflects patterns in the training dataset rather than a complete agronomic simulation of wheat production.",wheat_general
Can CropIntel handle wheat?,"Wheat is one of the crop categories supported by the project's yield dataset and prediction interface. The model can estimate wheat yield from the other supplied features, but the result reflects patterns in the training dataset rather than a complete agronomic simulation of wheat production.",wheat_general
Tell me about rice.,"Rice is one of the crop categories supported by the project's yield dataset and prediction interface. The model can estimate rice yield from the selected environmental and management features, but the prediction is dataset-based and does not represent every real-world rice-growing condition.",rice_general
What is rice?,"Rice is one of the crop categories supported by the project's yield dataset and prediction interface. The model can estimate rice yield from the selected environmental and management features, but the prediction is dataset-based and does not represent every real-world rice-growing condition.",rice_general
Is rice supported by the model?,"Rice is one of the crop categories supported by the project's yield dataset and prediction interface. The model can estimate rice yield from the selected environmental and management features, but the prediction is dataset-based and does not represent every real-world rice-growing condition.",rice_general
Can the model predict rice yield?,"Rice is one of the crop categories supported by the project's yield dataset and prediction interface. The model can estimate rice yield from the selected environmental and management features, but the prediction is dataset-based and does not represent every real-world rice-growing condition.",rice_general
Does the project include rice?,"Rice is one of the crop categories supported by the project's yield dataset and prediction interface. The model can estimate rice yield from the selected environmental and management features, but the prediction is dataset-based and does not represent every real-world rice-growing condition.",rice_general
What should I know about rice in this project?,"Rice is one of the crop categories supported by the project's yield dataset and prediction interface. The model can estimate rice yield from the selected environmental and management features, but the prediction is dataset-based and does not represent every real-world rice-growing condition.",rice_general
Can I select rice for prediction?,"Rice is one of the crop categories supported by the project's yield dataset and prediction interface. The model can estimate rice yield from the selected environmental and management features, but the prediction is dataset-based and does not represent every real-world rice-growing condition.",rice_general
Is rice in the crop dataset?,"Rice is one of the crop categories supported by the project's yield dataset and prediction interface. The model can estimate rice yield from the selected environmental and management features, but the prediction is dataset-based and does not represent every real-world rice-growing condition.",rice_general
How is rice used by the model?,"Rice is one of the crop categories supported by the project's yield dataset and prediction interface. The model can estimate rice yield from the selected environmental and management features, but the prediction is dataset-based and does not represent every real-world rice-growing condition.",rice_general
Can CropIntel handle rice?,"Rice is one of the crop categories supported by the project's yield dataset and prediction interface. The model can estimate rice yield from the selected environmental and management features, but the prediction is dataset-based and does not represent every real-world rice-growing condition.",rice_general
Tell me about maize.,"Maize is supported by the crop-yield predictor, and it is also the crop used by the separate leaf-disease classifier. The yield model estimates maize production from tabular features, while the image model classifies maize leaves into four health or disease classes.",maize_general
What is maize?,"Maize is supported by the crop-yield predictor, and it is also the crop used by the separate leaf-disease classifier. The yield model estimates maize production from tabular features, while the image model classifies maize leaves into four health or disease classes.",maize_general
Is maize supported by the model?,"Maize is supported by the crop-yield predictor, and it is also the crop used by the separate leaf-disease classifier. The yield model estimates maize production from tabular features, while the image model classifies maize leaves into four health or disease classes.",maize_general
Can the model predict maize yield?,"Maize is supported by the crop-yield predictor, and it is also the crop used by the separate leaf-disease classifier. The yield model estimates maize production from tabular features, while the image model classifies maize leaves into four health or disease classes.",maize_general
Does the project include maize?,"Maize is supported by the crop-yield predictor, and it is also the crop used by the separate leaf-disease classifier. The yield model estimates maize production from tabular features, while the image model classifies maize leaves into four health or disease classes.",maize_general
What should I know about maize in this project?,"Maize is supported by the crop-yield predictor, and it is also the crop used by the separate leaf-disease classifier. The yield model estimates maize production from tabular features, while the image model classifies maize leaves into four health or disease classes.",maize_general
Can I select maize for prediction?,"Maize is supported by the crop-yield predictor, and it is also the crop used by the separate leaf-disease classifier. The yield model estimates maize production from tabular features, while the image model classifies maize leaves into four health or disease classes.",maize_general
Is maize in the crop dataset?,"Maize is supported by the crop-yield predictor, and it is also the crop used by the separate leaf-disease classifier. The yield model estimates maize production from tabular features, while the image model classifies maize leaves into four health or disease classes.",maize_general
How is maize used by the model?,"Maize is supported by the crop-yield predictor, and it is also the crop used by the separate leaf-disease classifier. The yield model estimates maize production from tabular features, while the image model classifies maize leaves into four health or disease classes.",maize_general
Can CropIntel handle maize?,"Maize is supported by the crop-yield predictor, and it is also the crop used by the separate leaf-disease classifier. The yield model estimates maize production from tabular features, while the image model classifies maize leaves into four health or disease classes.",maize_general
Tell me about barley.,"Barley is one of the crop categories included in the project's yield-prediction dataset. The model can estimate barley yield using the same nine input features, with the usual limitation that predictions reflect the training data rather than all real-world barley-growing factors.",barley_general
What is barley?,"Barley is one of the crop categories included in the project's yield-prediction dataset. The model can estimate barley yield using the same nine input features, with the usual limitation that predictions reflect the training data rather than all real-world barley-growing factors.",barley_general
Is barley supported by the model?,"Barley is one of the crop categories included in the project's yield-prediction dataset. The model can estimate barley yield using the same nine input features, with the usual limitation that predictions reflect the training data rather than all real-world barley-growing factors.",barley_general
Can the model predict barley yield?,"Barley is one of the crop categories included in the project's yield-prediction dataset. The model can estimate barley yield using the same nine input features, with the usual limitation that predictions reflect the training data rather than all real-world barley-growing factors.",barley_general
Does the project include barley?,"Barley is one of the crop categories included in the project's yield-prediction dataset. The model can estimate barley yield using the same nine input features, with the usual limitation that predictions reflect the training data rather than all real-world barley-growing factors.",barley_general
What should I know about barley in this project?,"Barley is one of the crop categories included in the project's yield-prediction dataset. The model can estimate barley yield using the same nine input features, with the usual limitation that predictions reflect the training data rather than all real-world barley-growing factors.",barley_general
Can I select barley for prediction?,"Barley is one of the crop categories included in the project's yield-prediction dataset. The model can estimate barley yield using the same nine input features, with the usual limitation that predictions reflect the training data rather than all real-world barley-growing factors.",barley_general
Is barley in the crop dataset?,"Barley is one of the crop categories included in the project's yield-prediction dataset. The model can estimate barley yield using the same nine input features, with the usual limitation that predictions reflect the training data rather than all real-world barley-growing factors.",barley_general
How is barley used by the model?,"Barley is one of the crop categories included in the project's yield-prediction dataset. The model can estimate barley yield using the same nine input features, with the usual limitation that predictions reflect the training data rather than all real-world barley-growing factors.",barley_general
Can CropIntel handle barley?,"Barley is one of the crop categories included in the project's yield-prediction dataset. The model can estimate barley yield using the same nine input features, with the usual limitation that predictions reflect the training data rather than all real-world barley-growing factors.",barley_general
Tell me about soybean.,"Soybean is one of the crop categories available to the project's yield predictor. Its predicted yield is calculated from the selected region, soil, weather, rainfall, temperature, fertilizer, irrigation, and harvest-time inputs learned from the dataset.",soybean_general
What is soybean?,"Soybean is one of the crop categories available to the project's yield predictor. Its predicted yield is calculated from the selected region, soil, weather, rainfall, temperature, fertilizer, irrigation, and harvest-time inputs learned from the dataset.",soybean_general
Is soybean supported by the model?,"Soybean is one of the crop categories available to the project's yield predictor. Its predicted yield is calculated from the selected region, soil, weather, rainfall, temperature, fertilizer, irrigation, and harvest-time inputs learned from the dataset.",soybean_general
Can the model predict soybean yield?,"Soybean is one of the crop categories available to the project's yield predictor. Its predicted yield is calculated from the selected region, soil, weather, rainfall, temperature, fertilizer, irrigation, and harvest-time inputs learned from the dataset.",soybean_general
Does the project include soybean?,"Soybean is one of the crop categories available to the project's yield predictor. Its predicted yield is calculated from the selected region, soil, weather, rainfall, temperature, fertilizer, irrigation, and harvest-time inputs learned from the dataset.",soybean_general
What should I know about soybean in this project?,"Soybean is one of the crop categories available to the project's yield predictor. Its predicted yield is calculated from the selected region, soil, weather, rainfall, temperature, fertilizer, irrigation, and harvest-time inputs learned from the dataset.",soybean_general
Can I select soybean for prediction?,"Soybean is one of the crop categories available to the project's yield predictor. Its predicted yield is calculated from the selected region, soil, weather, rainfall, temperature, fertilizer, irrigation, and harvest-time inputs learned from the dataset.",soybean_general
Is soybean in the crop dataset?,"Soybean is one of the crop categories available to the project's yield predictor. Its predicted yield is calculated from the selected region, soil, weather, rainfall, temperature, fertilizer, irrigation, and harvest-time inputs learned from the dataset.",soybean_general
How is soybean used by the model?,"Soybean is one of the crop categories available to the project's yield predictor. Its predicted yield is calculated from the selected region, soil, weather, rainfall, temperature, fertilizer, irrigation, and harvest-time inputs learned from the dataset.",soybean_general
Can CropIntel handle soybean?,"Soybean is one of the crop categories available to the project's yield predictor. Its predicted yield is calculated from the selected region, soil, weather, rainfall, temperature, fertilizer, irrigation, and harvest-time inputs learned from the dataset.",soybean_general
Tell me about cotton.,"Cotton is one of the crop categories supported by the project's yield-prediction model. The model estimates cotton yield from the same tabular inputs used for the other crops, so its output should be interpreted as a dataset-based estimate rather than a farm-specific guarantee.",cotton_general
What is cotton?,"Cotton is one of the crop categories supported by the project's yield-prediction model. The model estimates cotton yield from the same tabular inputs used for the other crops, so its output should be interpreted as a dataset-based estimate rather than a farm-specific guarantee.",cotton_general
Is cotton supported by the model?,"Cotton is one of the crop categories supported by the project's yield-prediction model. The model estimates cotton yield from the same tabular inputs used for the other crops, so its output should be interpreted as a dataset-based estimate rather than a farm-specific guarantee.",cotton_general
Can the model predict cotton yield?,"Cotton is one of the crop categories supported by the project's yield-prediction model. The model estimates cotton yield from the same tabular inputs used for the other crops, so its output should be interpreted as a dataset-based estimate rather than a farm-specific guarantee.",cotton_general
Does the project include cotton?,"Cotton is one of the crop categories supported by the project's yield-prediction model. The model estimates cotton yield from the same tabular inputs used for the other crops, so its output should be interpreted as a dataset-based estimate rather than a farm-specific guarantee.",cotton_general
What should I know about cotton in this project?,"Cotton is one of the crop categories supported by the project's yield-prediction model. The model estimates cotton yield from the same tabular inputs used for the other crops, so its output should be interpreted as a dataset-based estimate rather than a farm-specific guarantee.",cotton_general
Can I select cotton for prediction?,"Cotton is one of the crop categories supported by the project's yield-prediction model. The model estimates cotton yield from the same tabular inputs used for the other crops, so its output should be interpreted as a dataset-based estimate rather than a farm-specific guarantee.",cotton_general
Is cotton in the crop dataset?,"Cotton is one of the crop categories supported by the project's yield-prediction model. The model estimates cotton yield from the same tabular inputs used for the other crops, so its output should be interpreted as a dataset-based estimate rather than a farm-specific guarantee.",cotton_general
How is cotton used by the model?,"Cotton is one of the crop categories supported by the project's yield-prediction model. The model estimates cotton yield from the same tabular inputs used for the other crops, so its output should be interpreted as a dataset-based estimate rather than a farm-specific guarantee.",cotton_general
Can CropIntel handle cotton?,"Cotton is one of the crop categories supported by the project's yield-prediction model. The model estimates cotton yield from the same tabular inputs used for the other crops, so its output should be interpreted as a dataset-based estimate rather than a farm-specific guarantee.",cotton_general
Could you explain: what is crop yield?,"Crop yield is the amount of usable crop harvested from a given area of land, commonly expressed as tons per hectare. It is influenced by crop variety, soil conditions, water availability, temperature, nutrients, weather, pests, diseases, and farm management.",crop_yield_definition
Could you explain: define crop yield.,"Crop yield is the amount of usable crop harvested from a given area of land, commonly expressed as tons per hectare. It is influenced by crop variety, soil conditions, water availability, temperature, nutrients, weather, pests, diseases, and farm management.",crop_yield_definition
Could you explain: explain crop yield.,"Crop yield is the amount of usable crop harvested from a given area of land, commonly expressed as tons per hectare. It is influenced by crop variety, soil conditions, water availability, temperature, nutrients, weather, pests, diseases, and farm management.",crop_yield_definition
Could you explain: what does crop yield mean?,"Crop yield is the amount of usable crop harvested from a given area of land, commonly expressed as tons per hectare. It is influenced by crop variety, soil conditions, water availability, temperature, nutrients, weather, pests, diseases, and farm management.",crop_yield_definition
Could you explain: how is crop yield defined?,"Crop yield is the amount of usable crop harvested from a given area of land, commonly expressed as tons per hectare. It is influenced by crop variety, soil conditions, water availability, temperature, nutrients, weather, pests, diseases, and farm management.",crop_yield_definition
Could you explain: tell me about crop yield.,"Crop yield is the amount of usable crop harvested from a given area of land, commonly expressed as tons per hectare. It is influenced by crop variety, soil conditions, water availability, temperature, nutrients, weather, pests, diseases, and farm management.",crop_yield_definition
Could you explain: what do farmers mean by yield?,"Crop yield is the amount of usable crop harvested from a given area of land, commonly expressed as tons per hectare. It is influenced by crop variety, soil conditions, water availability, temperature, nutrients, weather, pests, diseases, and farm management.",crop_yield_definition
Could you explain: what is agricultural yield?,"Crop yield is the amount of usable crop harvested from a given area of land, commonly expressed as tons per hectare. It is influenced by crop variety, soil conditions, water availability, temperature, nutrients, weather, pests, diseases, and farm management.",crop_yield_definition
Could you explain: what does yield mean in farming?,"Crop yield is the amount of usable crop harvested from a given area of land, commonly expressed as tons per hectare. It is influenced by crop variety, soil conditions, water availability, temperature, nutrients, weather, pests, diseases, and farm management.",crop_yield_definition
Could you explain: can you explain crop yield?,"Crop yield is the amount of usable crop harvested from a given area of land, commonly expressed as tons per hectare. It is influenced by crop variety, soil conditions, water availability, temperature, nutrients, weather, pests, diseases, and farm management.",crop_yield_definition
Could you explain: what factors affect crop yield?,"Crop yield depends on several interacting factors: crop type and genetics, soil fertility and structure, rainfall and irrigation, temperature, sunlight, fertilizer use, planting and harvest timing, pests, diseases, and management practices. Good results usually come from balancing these factors rather than maximizing only one.",crop_yield_factors
Could you explain: what determines crop yield?,"Crop yield depends on several interacting factors: crop type and genetics, soil fertility and structure, rainfall and irrigation, temperature, sunlight, fertilizer use, planting and harvest timing, pests, diseases, and management practices. Good results usually come from balancing these factors rather than maximizing only one.",crop_yield_factors
Could you explain: why does crop yield change?,"Crop yield depends on several interacting factors: crop type and genetics, soil fertility and structure, rainfall and irrigation, temperature, sunlight, fertilizer use, planting and harvest timing, pests, diseases, and management practices. Good results usually come from balancing these factors rather than maximizing only one.",crop_yield_factors
Could you explain: which conditions influence crop production?,"Crop yield depends on several interacting factors: crop type and genetics, soil fertility and structure, rainfall and irrigation, temperature, sunlight, fertilizer use, planting and harvest timing, pests, diseases, and management practices. Good results usually come from balancing these factors rather than maximizing only one.",crop_yield_factors
Could you explain: what can increase or decrease crop yield?,"Crop yield depends on several interacting factors: crop type and genetics, soil fertility and structure, rainfall and irrigation, temperature, sunlight, fertilizer use, planting and harvest timing, pests, diseases, and management practices. Good results usually come from balancing these factors rather than maximizing only one.",crop_yield_factors
Could you explain: what controls agricultural productivity?,"Crop yield depends on several interacting factors: crop type and genetics, soil fertility and structure, rainfall and irrigation, temperature, sunlight, fertilizer use, planting and harvest timing, pests, diseases, and management practices. Good results usually come from balancing these factors rather than maximizing only one.",crop_yield_factors
Could you explain: what are the main factors behind crop yield?,"Crop yield depends on several interacting factors: crop type and genetics, soil fertility and structure, rainfall and irrigation, temperature, sunlight, fertilizer use, planting and harvest timing, pests, diseases, and management practices. Good results usually come from balancing these factors rather than maximizing only one.",crop_yield_factors
Could you explain: why are some crop yields higher than others?,"Crop yield depends on several interacting factors: crop type and genetics, soil fertility and structure, rainfall and irrigation, temperature, sunlight, fertilizer use, planting and harvest timing, pests, diseases, and management practices. Good results usually come from balancing these factors rather than maximizing only one.",crop_yield_factors
Could you explain: which variables influence yield?,"Crop yield depends on several interacting factors: crop type and genetics, soil fertility and structure, rainfall and irrigation, temperature, sunlight, fertilizer use, planting and harvest timing, pests, diseases, and management practices. Good results usually come from balancing these factors rather than maximizing only one.",crop_yield_factors
Could you explain: what affects farm yield?,"Crop yield depends on several interacting factors: crop type and genetics, soil fertility and structure, rainfall and irrigation, temperature, sunlight, fertilizer use, planting and harvest timing, pests, diseases, and management practices. Good results usually come from balancing these factors rather than maximizing only one.",crop_yield_factors
Could you explain: how can crop yield be improved?,"Yield can often be improved through suitable crop varieties, healthy soil, balanced fertilization, efficient irrigation, good planting timing, weed and pest control, disease management, crop rotation, and timely harvesting. The best combination depends on the crop, soil, climate, and local conditions.",crop_yield_improvement
Could you explain: how do farmers increase crop yield?,"Yield can often be improved through suitable crop varieties, healthy soil, balanced fertilization, efficient irrigation, good planting timing, weed and pest control, disease management, crop rotation, and timely harvesting. The best combination depends on the crop, soil, climate, and local conditions.",crop_yield_improvement
Could you explain: what can improve agricultural productivity?,"Yield can often be improved through suitable crop varieties, healthy soil, balanced fertilization, efficient irrigation, good planting timing, weed and pest control, disease management, crop rotation, and timely harvesting. The best combination depends on the crop, soil, climate, and local conditions.",crop_yield_improvement
Could you explain: how can I get better crop yield?,"Yield can often be improved through suitable crop varieties, healthy soil, balanced fertilization, efficient irrigation, good planting timing, weed and pest control, disease management, crop rotation, and timely harvesting. The best combination depends on the crop, soil, climate, and local conditions.",crop_yield_improvement
Could you explain: what practices help increase yield?,"Yield can often be improved through suitable crop varieties, healthy soil, balanced fertilization, efficient irrigation, good planting timing, weed and pest control, disease management, crop rotation, and timely harvesting. The best combination depends on the crop, soil, climate, and local conditions.",crop_yield_improvement
Could you explain: how can farmers produce more per hectare?,"Yield can often be improved through suitable crop varieties, healthy soil, balanced fertilization, efficient irrigation, good planting timing, weed and pest control, disease management, crop rotation, and timely harvesting. The best combination depends on the crop, soil, climate, and local conditions.",crop_yield_improvement
Could you explain: ways to improve crop production?,"Yield can often be improved through suitable crop varieties, healthy soil, balanced fertilization, efficient irrigation, good planting timing, weed and pest control, disease management, crop rotation, and timely harvesting. The best combination depends on the crop, soil, climate, and local conditions.",crop_yield_improvement
Could you explain: how can yield be increased safely?,"Yield can often be improved through suitable crop varieties, healthy soil, balanced fertilization, efficient irrigation, good planting timing, weed and pest control, disease management, crop rotation, and timely harvesting. The best combination depends on the crop, soil, climate, and local conditions.",crop_yield_improvement
Could you explain: what helps crops produce more?,"Yield can often be improved through suitable crop varieties, healthy soil, balanced fertilization, efficient irrigation, good planting timing, weed and pest control, disease management, crop rotation, and timely harvesting. The best combination depends on the crop, soil, climate, and local conditions.",crop_yield_improvement
Could you explain: how do you improve farm productivity?,"Yield can often be improved through suitable crop varieties, healthy soil, balanced fertilization, efficient irrigation, good planting timing, weed and pest control, disease management, crop rotation, and timely harvesting. The best combination depends on the crop, soil, climate, and local conditions.",crop_yield_improvement
Could you explain: what is rainfall?,"Rainfall is a natural source of water for crops. It replenishes soil moisture and supports plant growth, but its timing and distribution can matter as much as the total amount. Too little rain can cause water stress, while excessive rain can cause waterlogging, erosion, nutrient loss, and disease.",rainfall_definition
Could you explain: explain rainfall in agriculture.,"Rainfall is a natural source of water for crops. It replenishes soil moisture and supports plant growth, but its timing and distribution can matter as much as the total amount. Too little rain can cause water stress, while excessive rain can cause waterlogging, erosion, nutrient loss, and disease.",rainfall_definition
Could you explain: what does rainfall mean for farming?,"Rainfall is a natural source of water for crops. It replenishes soil moisture and supports plant growth, but its timing and distribution can matter as much as the total amount. Too little rain can cause water stress, while excessive rain can cause waterlogging, erosion, nutrient loss, and disease.",rainfall_definition
Could you explain: define rainfall.,"Rainfall is a natural source of water for crops. It replenishes soil moisture and supports plant growth, but its timing and distribution can matter as much as the total amount. Too little rain can cause water stress, while excessive rain can cause waterlogging, erosion, nutrient loss, and disease.",rainfall_definition
Could you explain: tell me about rainfall.,"Rainfall is a natural source of water for crops. It replenishes soil moisture and supports plant growth, but its timing and distribution can matter as much as the total amount. Too little rain can cause water stress, while excessive rain can cause waterlogging, erosion, nutrient loss, and disease.",rainfall_definition
Could you explain: why do crops need rain?,"Rainfall is a natural source of water for crops. It replenishes soil moisture and supports plant growth, but its timing and distribution can matter as much as the total amount. Too little rain can cause water stress, while excessive rain can cause waterlogging, erosion, nutrient loss, and disease.",rainfall_definition
Could you explain: what role does rain play in agriculture?,"Rainfall is a natural source of water for crops. It replenishes soil moisture and supports plant growth, but its timing and distribution can matter as much as the total amount. Too little rain can cause water stress, while excessive rain can cause waterlogging, erosion, nutrient loss, and disease.",rainfall_definition
Could you explain: how is rainfall related to farming?,"Rainfall is a natural source of water for crops. It replenishes soil moisture and supports plant growth, but its timing and distribution can matter as much as the total amount. Too little rain can cause water stress, while excessive rain can cause waterlogging, erosion, nutrient loss, and disease.",rainfall_definition
Could you explain: what is precipitation in agriculture?,"Rainfall is a natural source of water for crops. It replenishes soil moisture and supports plant growth, but its timing and distribution can matter as much as the total amount. Too little rain can cause water stress, while excessive rain can cause waterlogging, erosion, nutrient loss, and disease.",rainfall_definition
Could you explain: can you explain rainfall?,"Rainfall is a natural source of water for crops. It replenishes soil moisture and supports plant growth, but its timing and distribution can matter as much as the total amount. Too little rain can cause water stress, while excessive rain can cause waterlogging, erosion, nutrient loss, and disease.",rainfall_definition
Could you explain: what happens when rainfall is too low?,"Low rainfall can reduce soil moisture and cause water stress. Plants may grow more slowly, develop smaller leaves, flower poorly, or produce fewer and smaller grains or fruits. The impact depends on crop type, growth stage, soil water-holding capacity, and whether irrigation is available.",rainfall_low
Could you explain: can low rainfall reduce crop yield?,"Low rainfall can reduce soil moisture and cause water stress. Plants may grow more slowly, develop smaller leaves, flower poorly, or produce fewer and smaller grains or fruits. The impact depends on crop type, growth stage, soil water-holding capacity, and whether irrigation is available.",rainfall_low
Could you explain: how does drought affect crops?,"Low rainfall can reduce soil moisture and cause water stress. Plants may grow more slowly, develop smaller leaves, flower poorly, or produce fewer and smaller grains or fruits. The impact depends on crop type, growth stage, soil water-holding capacity, and whether irrigation is available.",rainfall_low
Could you explain: what happens to crops with little rain?,"Low rainfall can reduce soil moisture and cause water stress. Plants may grow more slowly, develop smaller leaves, flower poorly, or produce fewer and smaller grains or fruits. The impact depends on crop type, growth stage, soil water-holding capacity, and whether irrigation is available.",rainfall_low
Could you explain: why is low rainfall bad for crops?,"Low rainfall can reduce soil moisture and cause water stress. Plants may grow more slowly, develop smaller leaves, flower poorly, or produce fewer and smaller grains or fruits. The impact depends on crop type, growth stage, soil water-holding capacity, and whether irrigation is available.",rainfall_low
Could you explain: can insufficient rainfall harm plants?,"Low rainfall can reduce soil moisture and cause water stress. Plants may grow more slowly, develop smaller leaves, flower poorly, or produce fewer and smaller grains or fruits. The impact depends on crop type, growth stage, soil water-holding capacity, and whether irrigation is available.",rainfall_low
Could you explain: how does water shortage affect yield?,"Low rainfall can reduce soil moisture and cause water stress. Plants may grow more slowly, develop smaller leaves, flower poorly, or produce fewer and smaller grains or fruits. The impact depends on crop type, growth stage, soil water-holding capacity, and whether irrigation is available.",rainfall_low
Could you explain: what are the effects of low rainfall?,"Low rainfall can reduce soil moisture and cause water stress. Plants may grow more slowly, develop smaller leaves, flower poorly, or produce fewer and smaller grains or fruits. The impact depends on crop type, growth stage, soil water-holding capacity, and whether irrigation is available.",rainfall_low
Could you explain: does drought lower productivity?,"Low rainfall can reduce soil moisture and cause water stress. Plants may grow more slowly, develop smaller leaves, flower poorly, or produce fewer and smaller grains or fruits. The impact depends on crop type, growth stage, soil water-holding capacity, and whether irrigation is available.",rainfall_low
Could you explain: what happens if crops do not get enough rain?,"Low rainfall can reduce soil moisture and cause water stress. Plants may grow more slowly, develop smaller leaves, flower poorly, or produce fewer and smaller grains or fruits. The impact depends on crop type, growth stage, soil water-holding capacity, and whether irrigation is available.",rainfall_low
Could you explain: can too much rainfall reduce yield?,"Excessive rainfall can reduce yield by saturating the soil and limiting oxygen around roots. It can also increase nutrient leaching, erosion, lodging, fungal disease risk, and delays in field operations. Good drainage can reduce some of these problems.",rainfall_excess
Could you explain: what happens when crops get too much rain?,"Excessive rainfall can reduce yield by saturating the soil and limiting oxygen around roots. It can also increase nutrient leaching, erosion, lodging, fungal disease risk, and delays in field operations. Good drainage can reduce some of these problems.",rainfall_excess
Could you explain: how does excessive rainfall affect crops?,"Excessive rainfall can reduce yield by saturating the soil and limiting oxygen around roots. It can also increase nutrient leaching, erosion, lodging, fungal disease risk, and delays in field operations. Good drainage can reduce some of these problems.",rainfall_excess
Could you explain: is heavy rain harmful to crops?,"Excessive rainfall can reduce yield by saturating the soil and limiting oxygen around roots. It can also increase nutrient leaching, erosion, lodging, fungal disease risk, and delays in field operations. Good drainage can reduce some of these problems.",rainfall_excess
Could you explain: can excess rain damage plants?,"Excessive rainfall can reduce yield by saturating the soil and limiting oxygen around roots. It can also increase nutrient leaching, erosion, lodging, fungal disease risk, and delays in field operations. Good drainage can reduce some of these problems.",rainfall_excess
Could you explain: what are the effects of too much rainfall?,"Excessive rainfall can reduce yield by saturating the soil and limiting oxygen around roots. It can also increase nutrient leaching, erosion, lodging, fungal disease risk, and delays in field operations. Good drainage can reduce some of these problems.",rainfall_excess
Could you explain: does waterlogging reduce crop yield?,"Excessive rainfall can reduce yield by saturating the soil and limiting oxygen around roots. It can also increase nutrient leaching, erosion, lodging, fungal disease risk, and delays in field operations. Good drainage can reduce some of these problems.",rainfall_excess
Could you explain: why can heavy rainfall be bad for farming?,"Excessive rainfall can reduce yield by saturating the soil and limiting oxygen around roots. It can also increase nutrient leaching, erosion, lodging, fungal disease risk, and delays in field operations. Good drainage can reduce some of these problems.",rainfall_excess
Could you explain: what happens in waterlogged soil?,"Excessive rainfall can reduce yield by saturating the soil and limiting oxygen around roots. It can also increase nutrient leaching, erosion, lodging, fungal disease risk, and delays in field operations. Good drainage can reduce some of these problems.",rainfall_excess
Could you explain: can prolonged rain hurt crops?,"Excessive rainfall can reduce yield by saturating the soil and limiting oxygen around roots. It can also increase nutrient leaching, erosion, lodging, fungal disease risk, and delays in field operations. Good drainage can reduce some of these problems.",rainfall_excess
Could you explain: what is irrigation?,Irrigation is the controlled application of water to crops when natural rainfall does not provide enough water at the right time. It helps maintain soil moisture and can reduce water stress during important growth stages.,irrigation_definition
Could you explain: define irrigation.,Irrigation is the controlled application of water to crops when natural rainfall does not provide enough water at the right time. It helps maintain soil moisture and can reduce water stress during important growth stages.,irrigation_definition
Could you explain: explain irrigation.,Irrigation is the controlled application of water to crops when natural rainfall does not provide enough water at the right time. It helps maintain soil moisture and can reduce water stress during important growth stages.,irrigation_definition
Could you explain: what does irrigation mean?,Irrigation is the controlled application of water to crops when natural rainfall does not provide enough water at the right time. It helps maintain soil moisture and can reduce water stress during important growth stages.,irrigation_definition
Could you explain: tell me about irrigation.,Irrigation is the controlled application of water to crops when natural rainfall does not provide enough water at the right time. It helps maintain soil moisture and can reduce water stress during important growth stages.,irrigation_definition
Could you explain: what is crop irrigation?,Irrigation is the controlled application of water to crops when natural rainfall does not provide enough water at the right time. It helps maintain soil moisture and can reduce water stress during important growth stages.,irrigation_definition
Could you explain: why do farmers water fields?,Irrigation is the controlled application of water to crops when natural rainfall does not provide enough water at the right time. It helps maintain soil moisture and can reduce water stress during important growth stages.,irrigation_definition
Could you explain: what is artificial watering in agriculture?,Irrigation is the controlled application of water to crops when natural rainfall does not provide enough water at the right time. It helps maintain soil moisture and can reduce water stress during important growth stages.,irrigation_definition
Could you explain: how would you explain irrigation?,Irrigation is the controlled application of water to crops when natural rainfall does not provide enough water at the right time. It helps maintain soil moisture and can reduce water stress during important growth stages.,irrigation_definition
Could you explain: what does irrigating crops mean?,Irrigation is the controlled application of water to crops when natural rainfall does not provide enough water at the right time. It helps maintain soil moisture and can reduce water stress during important growth stages.,irrigation_definition
Could you explain: why is irrigation important?,"Irrigation helps crops receive water when rainfall is insufficient or irregular. Adequate water supports photosynthesis, nutrient uptake, cell growth, flowering, and grain or fruit development. Proper irrigation can stabilize and improve yield, but the amount and timing should match the crop and soil.",irrigation_importance
Could you explain: how does irrigation help crops?,"Irrigation helps crops receive water when rainfall is insufficient or irregular. Adequate water supports photosynthesis, nutrient uptake, cell growth, flowering, and grain or fruit development. Proper irrigation can stabilize and improve yield, but the amount and timing should match the crop and soil.",irrigation_importance
Could you explain: what are the benefits of irrigation?,"Irrigation helps crops receive water when rainfall is insufficient or irregular. Adequate water supports photosynthesis, nutrient uptake, cell growth, flowering, and grain or fruit development. Proper irrigation can stabilize and improve yield, but the amount and timing should match the crop and soil.",irrigation_importance
Could you explain: why do farmers use irrigation?,"Irrigation helps crops receive water when rainfall is insufficient or irregular. Adequate water supports photosynthesis, nutrient uptake, cell growth, flowering, and grain or fruit development. Proper irrigation can stabilize and improve yield, but the amount and timing should match the crop and soil.",irrigation_importance
Could you explain: does irrigation improve crop growth?,"Irrigation helps crops receive water when rainfall is insufficient or irregular. Adequate water supports photosynthesis, nutrient uptake, cell growth, flowering, and grain or fruit development. Proper irrigation can stabilize and improve yield, but the amount and timing should match the crop and soil.",irrigation_importance
Could you explain: why do crops need irrigation?,"Irrigation helps crops receive water when rainfall is insufficient or irregular. Adequate water supports photosynthesis, nutrient uptake, cell growth, flowering, and grain or fruit development. Proper irrigation can stabilize and improve yield, but the amount and timing should match the crop and soil.",irrigation_importance
Could you explain: how can irrigation affect yield?,"Irrigation helps crops receive water when rainfall is insufficient or irregular. Adequate water supports photosynthesis, nutrient uptake, cell growth, flowering, and grain or fruit development. Proper irrigation can stabilize and improve yield, but the amount and timing should match the crop and soil.",irrigation_importance
Could you explain: what is the purpose of irrigation?,"Irrigation helps crops receive water when rainfall is insufficient or irregular. Adequate water supports photosynthesis, nutrient uptake, cell growth, flowering, and grain or fruit development. Proper irrigation can stabilize and improve yield, but the amount and timing should match the crop and soil.",irrigation_importance
Could you explain: why is watering important in farming?,"Irrigation helps crops receive water when rainfall is insufficient or irregular. Adequate water supports photosynthesis, nutrient uptake, cell growth, flowering, and grain or fruit development. Proper irrigation can stabilize and improve yield, but the amount and timing should match the crop and soil.",irrigation_importance
Could you explain: how useful is irrigation?,"Irrigation helps crops receive water when rainfall is insufficient or irregular. Adequate water supports photosynthesis, nutrient uptake, cell growth, flowering, and grain or fruit development. Proper irrigation can stabilize and improve yield, but the amount and timing should match the crop and soil.",irrigation_importance
Could you explain: can too much irrigation harm crops?,"More irrigation is not always better. Excess water can cause waterlogging, reduce oxygen around roots, encourage some diseases, leach nutrients below the root zone, and waste water. In some soils and climates it can also contribute to salinity problems.",irrigation_overuse
Could you explain: what happens if crops are overwatered?,"More irrigation is not always better. Excess water can cause waterlogging, reduce oxygen around roots, encourage some diseases, leach nutrients below the root zone, and waste water. In some soils and climates it can also contribute to salinity problems.",irrigation_overuse
Could you explain: can excessive irrigation reduce yield?,"More irrigation is not always better. Excess water can cause waterlogging, reduce oxygen around roots, encourage some diseases, leach nutrients below the root zone, and waste water. In some soils and climates it can also contribute to salinity problems.",irrigation_overuse
Could you explain: why is over-irrigation bad?,"More irrigation is not always better. Excess water can cause waterlogging, reduce oxygen around roots, encourage some diseases, leach nutrients below the root zone, and waste water. In some soils and climates it can also contribute to salinity problems.",irrigation_overuse
Could you explain: what are the risks of too much irrigation?,"More irrigation is not always better. Excess water can cause waterlogging, reduce oxygen around roots, encourage some diseases, leach nutrients below the root zone, and waste water. In some soils and climates it can also contribute to salinity problems.",irrigation_overuse
Could you explain: can irrigation cause waterlogging?,"More irrigation is not always better. Excess water can cause waterlogging, reduce oxygen around roots, encourage some diseases, leach nutrients below the root zone, and waste water. In some soils and climates it can also contribute to salinity problems.",irrigation_overuse
Could you explain: does overwatering damage roots?,"More irrigation is not always better. Excess water can cause waterlogging, reduce oxygen around roots, encourage some diseases, leach nutrients below the root zone, and waste water. In some soils and climates it can also contribute to salinity problems.",irrigation_overuse
Could you explain: what happens when fields receive too much water?,"More irrigation is not always better. Excess water can cause waterlogging, reduce oxygen around roots, encourage some diseases, leach nutrients below the root zone, and waste water. In some soils and climates it can also contribute to salinity problems.",irrigation_overuse
Could you explain: can excessive watering wash nutrients away?,"More irrigation is not always better. Excess water can cause waterlogging, reduce oxygen around roots, encourage some diseases, leach nutrients below the root zone, and waste water. In some soils and climates it can also contribute to salinity problems.",irrigation_overuse
Could you explain: is more irrigation always better?,"More irrigation is not always better. Excess water can cause waterlogging, reduce oxygen around roots, encourage some diseases, leach nutrients below the root zone, and waste water. In some soils and climates it can also contribute to salinity problems.",irrigation_overuse
Could you explain: what are common irrigation methods?,"Common irrigation methods include surface or furrow irrigation, sprinkler irrigation, and drip irrigation. Surface systems move water across the field, sprinklers distribute water through the air, and drip systems deliver water near the root zone. Efficiency depends on design, maintenance, soil, crop, terrain, and climate.",irrigation_methods
Could you explain: explain different irrigation systems.,"Common irrigation methods include surface or furrow irrigation, sprinkler irrigation, and drip irrigation. Surface systems move water across the field, sprinklers distribute water through the air, and drip systems deliver water near the root zone. Efficiency depends on design, maintenance, soil, crop, terrain, and climate.",irrigation_methods
Could you explain: what is drip irrigation?,"Common irrigation methods include surface or furrow irrigation, sprinkler irrigation, and drip irrigation. Surface systems move water across the field, sprinklers distribute water through the air, and drip systems deliver water near the root zone. Efficiency depends on design, maintenance, soil, crop, terrain, and climate.",irrigation_methods
Could you explain: what is sprinkler irrigation?,"Common irrigation methods include surface or furrow irrigation, sprinkler irrigation, and drip irrigation. Surface systems move water across the field, sprinklers distribute water through the air, and drip systems deliver water near the root zone. Efficiency depends on design, maintenance, soil, crop, terrain, and climate.",irrigation_methods
Could you explain: which types of irrigation are used in farming?,"Common irrigation methods include surface or furrow irrigation, sprinkler irrigation, and drip irrigation. Surface systems move water across the field, sprinklers distribute water through the air, and drip systems deliver water near the root zone. Efficiency depends on design, maintenance, soil, crop, terrain, and climate.",irrigation_methods
Could you explain: how can farmers irrigate crops?,"Common irrigation methods include surface or furrow irrigation, sprinkler irrigation, and drip irrigation. Surface systems move water across the field, sprinklers distribute water through the air, and drip systems deliver water near the root zone. Efficiency depends on design, maintenance, soil, crop, terrain, and climate.",irrigation_methods
Could you explain: what are the main irrigation techniques?,"Common irrigation methods include surface or furrow irrigation, sprinkler irrigation, and drip irrigation. Surface systems move water across the field, sprinklers distribute water through the air, and drip systems deliver water near the root zone. Efficiency depends on design, maintenance, soil, crop, terrain, and climate.",irrigation_methods
Could you explain: tell me about drip and sprinkler irrigation.,"Common irrigation methods include surface or furrow irrigation, sprinkler irrigation, and drip irrigation. Surface systems move water across the field, sprinklers distribute water through the air, and drip systems deliver water near the root zone. Efficiency depends on design, maintenance, soil, crop, terrain, and climate.",irrigation_methods
Could you explain: what irrigation systems exist?,"Common irrigation methods include surface or furrow irrigation, sprinkler irrigation, and drip irrigation. Surface systems move water across the field, sprinklers distribute water through the air, and drip systems deliver water near the root zone. Efficiency depends on design, maintenance, soil, crop, terrain, and climate.",irrigation_methods
Could you explain: how is water supplied to crops?,"Common irrigation methods include surface or furrow irrigation, sprinkler irrigation, and drip irrigation. Surface systems move water across the field, sprinklers distribute water through the air, and drip systems deliver water near the root zone. Efficiency depends on design, maintenance, soil, crop, terrain, and climate.",irrigation_methods
Could you explain: what is fertilizer?,"Fertilizers supply plant nutrients that may be insufficient in the soil. Major nutrients include nitrogen, phosphorus, and potassium, while crops also need secondary nutrients and micronutrients. Fertilizer works best when the type, amount, timing, and placement match crop and soil needs.",fertilizer_definition
Could you explain: define fertilizer.,"Fertilizers supply plant nutrients that may be insufficient in the soil. Major nutrients include nitrogen, phosphorus, and potassium, while crops also need secondary nutrients and micronutrients. Fertilizer works best when the type, amount, timing, and placement match crop and soil needs.",fertilizer_definition
Could you explain: explain fertilizer.,"Fertilizers supply plant nutrients that may be insufficient in the soil. Major nutrients include nitrogen, phosphorus, and potassium, while crops also need secondary nutrients and micronutrients. Fertilizer works best when the type, amount, timing, and placement match crop and soil needs.",fertilizer_definition
Could you explain: why is fertilizer used?,"Fertilizers supply plant nutrients that may be insufficient in the soil. Major nutrients include nitrogen, phosphorus, and potassium, while crops also need secondary nutrients and micronutrients. Fertilizer works best when the type, amount, timing, and placement match crop and soil needs.",fertilizer_definition
Could you explain: what does fertilizer do?,"Fertilizers supply plant nutrients that may be insufficient in the soil. Major nutrients include nitrogen, phosphorus, and potassium, while crops also need secondary nutrients and micronutrients. Fertilizer works best when the type, amount, timing, and placement match crop and soil needs.",fertilizer_definition
Could you explain: tell me about fertilizers.,"Fertilizers supply plant nutrients that may be insufficient in the soil. Major nutrients include nitrogen, phosphorus, and potassium, while crops also need secondary nutrients and micronutrients. Fertilizer works best when the type, amount, timing, and placement match crop and soil needs.",fertilizer_definition
Could you explain: what are fertilizers in agriculture?,"Fertilizers supply plant nutrients that may be insufficient in the soil. Major nutrients include nitrogen, phosphorus, and potassium, while crops also need secondary nutrients and micronutrients. Fertilizer works best when the type, amount, timing, and placement match crop and soil needs.",fertilizer_definition
Could you explain: why do farmers apply fertilizer?,"Fertilizers supply plant nutrients that may be insufficient in the soil. Major nutrients include nitrogen, phosphorus, and potassium, while crops also need secondary nutrients and micronutrients. Fertilizer works best when the type, amount, timing, and placement match crop and soil needs.",fertilizer_definition
Could you explain: what is plant fertilizer?,"Fertilizers supply plant nutrients that may be insufficient in the soil. Major nutrients include nitrogen, phosphorus, and potassium, while crops also need secondary nutrients and micronutrients. Fertilizer works best when the type, amount, timing, and placement match crop and soil needs.",fertilizer_definition
Could you explain: how does fertilizer help crops?,"Fertilizers supply plant nutrients that may be insufficient in the soil. Major nutrients include nitrogen, phosphorus, and potassium, while crops also need secondary nutrients and micronutrients. Fertilizer works best when the type, amount, timing, and placement match crop and soil needs.",fertilizer_definition
Could you explain: does more fertilizer always increase yield?,"More fertilizer does not always mean more yield. Excess fertilizer can damage roots or leaves, create nutrient imbalances, increase production costs, and contribute to nutrient losses into water or the atmosphere. Soil testing and crop-specific recommendations help avoid unnecessary application.",fertilizer_overuse
Could you explain: can too much fertilizer harm crops?,"More fertilizer does not always mean more yield. Excess fertilizer can damage roots or leaves, create nutrient imbalances, increase production costs, and contribute to nutrient losses into water or the atmosphere. Soil testing and crop-specific recommendations help avoid unnecessary application.",fertilizer_overuse
Could you explain: what happens if fertilizer is overused?,"More fertilizer does not always mean more yield. Excess fertilizer can damage roots or leaves, create nutrient imbalances, increase production costs, and contribute to nutrient losses into water or the atmosphere. Soil testing and crop-specific recommendations help avoid unnecessary application.",fertilizer_overuse
Could you explain: why is excessive fertilizer bad?,"More fertilizer does not always mean more yield. Excess fertilizer can damage roots or leaves, create nutrient imbalances, increase production costs, and contribute to nutrient losses into water or the atmosphere. Soil testing and crop-specific recommendations help avoid unnecessary application.",fertilizer_overuse
Could you explain: can overfertilization reduce yield?,"More fertilizer does not always mean more yield. Excess fertilizer can damage roots or leaves, create nutrient imbalances, increase production costs, and contribute to nutrient losses into water or the atmosphere. Soil testing and crop-specific recommendations help avoid unnecessary application.",fertilizer_overuse
Could you explain: what are the risks of too much fertilizer?,"More fertilizer does not always mean more yield. Excess fertilizer can damage roots or leaves, create nutrient imbalances, increase production costs, and contribute to nutrient losses into water or the atmosphere. Soil testing and crop-specific recommendations help avoid unnecessary application.",fertilizer_overuse
Could you explain: can fertilizer burn plants?,"More fertilizer does not always mean more yield. Excess fertilizer can damage roots or leaves, create nutrient imbalances, increase production costs, and contribute to nutrient losses into water or the atmosphere. Soil testing and crop-specific recommendations help avoid unnecessary application.",fertilizer_overuse
Could you explain: is more fertilizer always better?,"More fertilizer does not always mean more yield. Excess fertilizer can damage roots or leaves, create nutrient imbalances, increase production costs, and contribute to nutrient losses into water or the atmosphere. Soil testing and crop-specific recommendations help avoid unnecessary application.",fertilizer_overuse
Could you explain: can excessive nutrients damage crops?,"More fertilizer does not always mean more yield. Excess fertilizer can damage roots or leaves, create nutrient imbalances, increase production costs, and contribute to nutrient losses into water or the atmosphere. Soil testing and crop-specific recommendations help avoid unnecessary application.",fertilizer_overuse
Could you explain: what happens when farmers apply too much fertilizer?,"More fertilizer does not always mean more yield. Excess fertilizer can damage roots or leaves, create nutrient imbalances, increase production costs, and contribute to nutrient losses into water or the atmosphere. Soil testing and crop-specific recommendations help avoid unnecessary application.",fertilizer_overuse
Could you explain: what is soil?,"Soil anchors roots and stores water, air, and nutrients needed for plant growth. Its texture, structure, organic matter, pH, drainage, biological activity, and nutrient status all influence crop performance. Different crops can perform best under different soil conditions.",soil_definition
Could you explain: why is soil important for crops?,"Soil anchors roots and stores water, air, and nutrients needed for plant growth. Its texture, structure, organic matter, pH, drainage, biological activity, and nutrient status all influence crop performance. Different crops can perform best under different soil conditions.",soil_definition
Could you explain: explain agricultural soil.,"Soil anchors roots and stores water, air, and nutrients needed for plant growth. Its texture, structure, organic matter, pH, drainage, biological activity, and nutrient status all influence crop performance. Different crops can perform best under different soil conditions.",soil_definition
Could you explain: what role does soil play in farming?,"Soil anchors roots and stores water, air, and nutrients needed for plant growth. Its texture, structure, organic matter, pH, drainage, biological activity, and nutrient status all influence crop performance. Different crops can perform best under different soil conditions.",soil_definition
Could you explain: how does soil support plants?,"Soil anchors roots and stores water, air, and nutrients needed for plant growth. Its texture, structure, organic matter, pH, drainage, biological activity, and nutrient status all influence crop performance. Different crops can perform best under different soil conditions.",soil_definition
Could you explain: tell me about soil in agriculture.,"Soil anchors roots and stores water, air, and nutrients needed for plant growth. Its texture, structure, organic matter, pH, drainage, biological activity, and nutrient status all influence crop performance. Different crops can perform best under different soil conditions.",soil_definition
Could you explain: why do crops need healthy soil?,"Soil anchors roots and stores water, air, and nutrients needed for plant growth. Its texture, structure, organic matter, pH, drainage, biological activity, and nutrient status all influence crop performance. Different crops can perform best under different soil conditions.",soil_definition
Could you explain: what does soil provide to crops?,"Soil anchors roots and stores water, air, and nutrients needed for plant growth. Its texture, structure, organic matter, pH, drainage, biological activity, and nutrient status all influence crop performance. Different crops can perform best under different soil conditions.",soil_definition
Could you explain: what makes soil important?,"Soil anchors roots and stores water, air, and nutrients needed for plant growth. Its texture, structure, organic matter, pH, drainage, biological activity, and nutrient status all influence crop performance. Different crops can perform best under different soil conditions.",soil_definition
Could you explain: how does soil affect farming?,"Soil anchors roots and stores water, air, and nutrients needed for plant growth. Its texture, structure, organic matter, pH, drainage, biological activity, and nutrient status all influence crop performance. Different crops can perform best under different soil conditions.",soil_definition
Could you explain: what are sandy clay loam and silt soils?,"Sandy soil has large particles and usually drains quickly; clay has very fine particles and often holds more water; silt has intermediate-sized particles; and loam is a balanced mixture of sand, silt, and clay. Actual suitability also depends on structure, organic matter, drainage, pH, and the crop being grown.",soil_types
Could you explain: explain different soil types.,"Sandy soil has large particles and usually drains quickly; clay has very fine particles and often holds more water; silt has intermediate-sized particles; and loam is a balanced mixture of sand, silt, and clay. Actual suitability also depends on structure, organic matter, drainage, pH, and the crop being grown.",soil_types
Could you explain: what is loam soil?,"Sandy soil has large particles and usually drains quickly; clay has very fine particles and often holds more water; silt has intermediate-sized particles; and loam is a balanced mixture of sand, silt, and clay. Actual suitability also depends on structure, organic matter, drainage, pH, and the crop being grown.",soil_types
Could you explain: what is sandy soil?,"Sandy soil has large particles and usually drains quickly; clay has very fine particles and often holds more water; silt has intermediate-sized particles; and loam is a balanced mixture of sand, silt, and clay. Actual suitability also depends on structure, organic matter, drainage, pH, and the crop being grown.",soil_types
Could you explain: what is clay soil?,"Sandy soil has large particles and usually drains quickly; clay has very fine particles and often holds more water; silt has intermediate-sized particles; and loam is a balanced mixture of sand, silt, and clay. Actual suitability also depends on structure, organic matter, drainage, pH, and the crop being grown.",soil_types
Could you explain: what is silt soil?,"Sandy soil has large particles and usually drains quickly; clay has very fine particles and often holds more water; silt has intermediate-sized particles; and loam is a balanced mixture of sand, silt, and clay. Actual suitability also depends on structure, organic matter, drainage, pH, and the crop being grown.",soil_types
Could you explain: how are soil types different?,"Sandy soil has large particles and usually drains quickly; clay has very fine particles and often holds more water; silt has intermediate-sized particles; and loam is a balanced mixture of sand, silt, and clay. Actual suitability also depends on structure, organic matter, drainage, pH, and the crop being grown.",soil_types
Could you explain: tell me about common soil textures.,"Sandy soil has large particles and usually drains quickly; clay has very fine particles and often holds more water; silt has intermediate-sized particles; and loam is a balanced mixture of sand, silt, and clay. Actual suitability also depends on structure, organic matter, drainage, pH, and the crop being grown.",soil_types
Could you explain: what is the difference between sandy and clay soil?,"Sandy soil has large particles and usually drains quickly; clay has very fine particles and often holds more water; silt has intermediate-sized particles; and loam is a balanced mixture of sand, silt, and clay. Actual suitability also depends on structure, organic matter, drainage, pH, and the crop being grown.",soil_types
Could you explain: which soil types are common in farming?,"Sandy soil has large particles and usually drains quickly; clay has very fine particles and often holds more water; silt has intermediate-sized particles; and loam is a balanced mixture of sand, silt, and clay. Actual suitability also depends on structure, organic matter, drainage, pH, and the crop being grown.",soil_types
Could you explain: how does temperature affect crop yield?,"Temperature affects germination, photosynthesis, respiration, flowering, pollination, and crop development. Temperatures outside a crop's suitable range can slow growth or cause stress. Extreme heat or cold during sensitive stages such as flowering can substantially reduce yield.",temperature_effect
Could you explain: why is temperature important for crops?,"Temperature affects germination, photosynthesis, respiration, flowering, pollination, and crop development. Temperatures outside a crop's suitable range can slow growth or cause stress. Extreme heat or cold during sensitive stages such as flowering can substantially reduce yield.",temperature_effect
Could you explain: can high temperature reduce yield?,"Temperature affects germination, photosynthesis, respiration, flowering, pollination, and crop development. Temperatures outside a crop's suitable range can slow growth or cause stress. Extreme heat or cold during sensitive stages such as flowering can substantially reduce yield.",temperature_effect
Could you explain: can cold weather harm crops?,"Temperature affects germination, photosynthesis, respiration, flowering, pollination, and crop development. Temperatures outside a crop's suitable range can slow growth or cause stress. Extreme heat or cold during sensitive stages such as flowering can substantially reduce yield.",temperature_effect
Could you explain: how does heat affect plants?,"Temperature affects germination, photosynthesis, respiration, flowering, pollination, and crop development. Temperatures outside a crop's suitable range can slow growth or cause stress. Extreme heat or cold during sensitive stages such as flowering can substantially reduce yield.",temperature_effect
Could you explain: what happens when temperature is too high?,"Temperature affects germination, photosynthesis, respiration, flowering, pollination, and crop development. Temperatures outside a crop's suitable range can slow growth or cause stress. Extreme heat or cold during sensitive stages such as flowering can substantially reduce yield.",temperature_effect
Could you explain: how does temperature influence crop growth?,"Temperature affects germination, photosynthesis, respiration, flowering, pollination, and crop development. Temperatures outside a crop's suitable range can slow growth or cause stress. Extreme heat or cold during sensitive stages such as flowering can substantially reduce yield.",temperature_effect
Could you explain: does temperature affect flowering?,"Temperature affects germination, photosynthesis, respiration, flowering, pollination, and crop development. Temperatures outside a crop's suitable range can slow growth or cause stress. Extreme heat or cold during sensitive stages such as flowering can substantially reduce yield.",temperature_effect
Could you explain: why do crops need suitable temperatures?,"Temperature affects germination, photosynthesis, respiration, flowering, pollination, and crop development. Temperatures outside a crop's suitable range can slow growth or cause stress. Extreme heat or cold during sensitive stages such as flowering can substantially reduce yield.",temperature_effect
Could you explain: what are temperature effects on agriculture?,"Temperature affects germination, photosynthesis, respiration, flowering, pollination, and crop development. Temperatures outside a crop's suitable range can slow growth or cause stress. Extreme heat or cold during sensitive stages such as flowering can substantially reduce yield.",temperature_effect
Could you explain: how does weather affect crops?,"Weather affects crop water supply, temperature, sunlight, humidity, disease pressure, and field operations. Short periods of extreme heat, heavy rain, frost, hail, or strong wind can damage crops, while favorable conditions during key growth stages can support better development.",weather_effect
Could you explain: why is weather important in farming?,"Weather affects crop water supply, temperature, sunlight, humidity, disease pressure, and field operations. Short periods of extreme heat, heavy rain, frost, hail, or strong wind can damage crops, while favorable conditions during key growth stages can support better development.",weather_effect
Could you explain: can weather change crop yield?,"Weather affects crop water supply, temperature, sunlight, humidity, disease pressure, and field operations. Short periods of extreme heat, heavy rain, frost, hail, or strong wind can damage crops, while favorable conditions during key growth stages can support better development.",weather_effect
Could you explain: what weather conditions affect agriculture?,"Weather affects crop water supply, temperature, sunlight, humidity, disease pressure, and field operations. Short periods of extreme heat, heavy rain, frost, hail, or strong wind can damage crops, while favorable conditions during key growth stages can support better development.",weather_effect
Could you explain: how do sunny rainy and cloudy conditions affect crops?,"Weather affects crop water supply, temperature, sunlight, humidity, disease pressure, and field operations. Short periods of extreme heat, heavy rain, frost, hail, or strong wind can damage crops, while favorable conditions during key growth stages can support better development.",weather_effect
Could you explain: does weather influence farming?,"Weather affects crop water supply, temperature, sunlight, humidity, disease pressure, and field operations. Short periods of extreme heat, heavy rain, frost, hail, or strong wind can damage crops, while favorable conditions during key growth stages can support better development.",weather_effect
Could you explain: what is the relationship between weather and yield?,"Weather affects crop water supply, temperature, sunlight, humidity, disease pressure, and field operations. Short periods of extreme heat, heavy rain, frost, hail, or strong wind can damage crops, while favorable conditions during key growth stages can support better development.",weather_effect
Could you explain: why do farmers monitor weather?,"Weather affects crop water supply, temperature, sunlight, humidity, disease pressure, and field operations. Short periods of extreme heat, heavy rain, frost, hail, or strong wind can damage crops, while favorable conditions during key growth stages can support better development.",weather_effect
Could you explain: can bad weather damage crops?,"Weather affects crop water supply, temperature, sunlight, humidity, disease pressure, and field operations. Short periods of extreme heat, heavy rain, frost, hail, or strong wind can damage crops, while favorable conditions during key growth stages can support better development.",weather_effect
Could you explain: how important is weather for crop production?,"Weather affects crop water supply, temperature, sunlight, humidity, disease pressure, and field operations. Short periods of extreme heat, heavy rain, frost, hail, or strong wind can damage crops, while favorable conditions during key growth stages can support better development.",weather_effect
Could you explain: why is harvest timing important?,"Days to harvest represents the approximate time a crop takes to reach harvestable maturity. Harvesting too early can reduce size, yield, or quality, while excessive delay can increase losses from shattering, lodging, pests, disease, weather, or over-ripening. The correct timing is crop-specific.",harvest_timing
Could you explain: what are days to harvest?,"Days to harvest represents the approximate time a crop takes to reach harvestable maturity. Harvesting too early can reduce size, yield, or quality, while excessive delay can increase losses from shattering, lodging, pests, disease, weather, or over-ripening. The correct timing is crop-specific.",harvest_timing
Could you explain: what happens if crops are harvested too early?,"Days to harvest represents the approximate time a crop takes to reach harvestable maturity. Harvesting too early can reduce size, yield, or quality, while excessive delay can increase losses from shattering, lodging, pests, disease, weather, or over-ripening. The correct timing is crop-specific.",harvest_timing
Could you explain: can late harvesting reduce quality?,"Days to harvest represents the approximate time a crop takes to reach harvestable maturity. Harvesting too early can reduce size, yield, or quality, while excessive delay can increase losses from shattering, lodging, pests, disease, weather, or over-ripening. The correct timing is crop-specific.",harvest_timing
Could you explain: how does harvest time affect crops?,"Days to harvest represents the approximate time a crop takes to reach harvestable maturity. Harvesting too early can reduce size, yield, or quality, while excessive delay can increase losses from shattering, lodging, pests, disease, weather, or over-ripening. The correct timing is crop-specific.",harvest_timing
Could you explain: why should crops be harvested at the right time?,"Days to harvest represents the approximate time a crop takes to reach harvestable maturity. Harvesting too early can reduce size, yield, or quality, while excessive delay can increase losses from shattering, lodging, pests, disease, weather, or over-ripening. The correct timing is crop-specific.",harvest_timing
Could you explain: what does days to harvest mean?,"Days to harvest represents the approximate time a crop takes to reach harvestable maturity. Harvesting too early can reduce size, yield, or quality, while excessive delay can increase losses from shattering, lodging, pests, disease, weather, or over-ripening. The correct timing is crop-specific.",harvest_timing
Could you explain: does harvest timing affect yield?,"Days to harvest represents the approximate time a crop takes to reach harvestable maturity. Harvesting too early can reduce size, yield, or quality, while excessive delay can increase losses from shattering, lodging, pests, disease, weather, or over-ripening. The correct timing is crop-specific.",harvest_timing
Could you explain: how do farmers know when to harvest?,"Days to harvest represents the approximate time a crop takes to reach harvestable maturity. Harvesting too early can reduce size, yield, or quality, while excessive delay can increase losses from shattering, lodging, pests, disease, weather, or over-ripening. The correct timing is crop-specific.",harvest_timing
Could you explain: why is maturity important before harvesting?,"Days to harvest represents the approximate time a crop takes to reach harvestable maturity. Harvesting too early can reduce size, yield, or quality, while excessive delay can increase losses from shattering, lodging, pests, disease, weather, or over-ripening. The correct timing is crop-specific.",harvest_timing
Could you explain: what inputs does the crop yield model use?,"The crop-yield model uses nine inputs: Region, Soil Type, Crop, Rainfall in millimeters, Temperature in Celsius, Fertilizer Used, Irrigation Used, Weather Condition, and Days to Harvest. It predicts Yield in tons per hectare.",model_inputs
Could you explain: which features are used for prediction?,"The crop-yield model uses nine inputs: Region, Soil Type, Crop, Rainfall in millimeters, Temperature in Celsius, Fertilizer Used, Irrigation Used, Weather Condition, and Days to Harvest. It predicts Yield in tons per hectare.",model_inputs
Could you explain: what information do I enter for yield prediction?,"The crop-yield model uses nine inputs: Region, Soil Type, Crop, Rainfall in millimeters, Temperature in Celsius, Fertilizer Used, Irrigation Used, Weather Condition, and Days to Harvest. It predicts Yield in tons per hectare.",model_inputs
Could you explain: what variables does the model need?,"The crop-yield model uses nine inputs: Region, Soil Type, Crop, Rainfall in millimeters, Temperature in Celsius, Fertilizer Used, Irrigation Used, Weather Condition, and Days to Harvest. It predicts Yield in tons per hectare.",model_inputs
Could you explain: which columns are used by the regression model?,"The crop-yield model uses nine inputs: Region, Soil Type, Crop, Rainfall in millimeters, Temperature in Celsius, Fertilizer Used, Irrigation Used, Weather Condition, and Days to Harvest. It predicts Yield in tons per hectare.",model_inputs
Could you explain: what features predict crop yield?,"The crop-yield model uses nine inputs: Region, Soil Type, Crop, Rainfall in millimeters, Temperature in Celsius, Fertilizer Used, Irrigation Used, Weather Condition, and Days to Harvest. It predicts Yield in tons per hectare.",model_inputs
Could you explain: what data is required for a prediction?,"The crop-yield model uses nine inputs: Region, Soil Type, Crop, Rainfall in millimeters, Temperature in Celsius, Fertilizer Used, Irrigation Used, Weather Condition, and Days to Harvest. It predicts Yield in tons per hectare.",model_inputs
Could you explain: what does the yield predictor consider?,"The crop-yield model uses nine inputs: Region, Soil Type, Crop, Rainfall in millimeters, Temperature in Celsius, Fertilizer Used, Irrigation Used, Weather Condition, and Days to Harvest. It predicts Yield in tons per hectare.",model_inputs
Could you explain: which factors are inputs to your model?,"The crop-yield model uses nine inputs: Region, Soil Type, Crop, Rainfall in millimeters, Temperature in Celsius, Fertilizer Used, Irrigation Used, Weather Condition, and Days to Harvest. It predicts Yield in tons per hectare.",model_inputs
Could you explain: what fields are required by the yield model?,"The crop-yield model uses nine inputs: Region, Soil Type, Crop, Rainfall in millimeters, Temperature in Celsius, Fertilizer Used, Irrigation Used, Weather Condition, and Days to Harvest. It predicts Yield in tons per hectare.",model_inputs
